dosage_value,field_id,equipment,log_id,dosage_unit,timestamp,spray_cost_cents,yield_kg,area_ha,farm_id,operator_id,crop,dosage_l_per_ha,spray_cost_usd,yield_kg_per_ha
0.80757457,Field-C,sprayer-z,216339,l_per_ha,2025-02-09 14:35:29,4708.0,199989,41.75819,F-300,1005,soy,0.80757457,47.08,4789.2163
0.9461553,Field-A,sprayer-y,292597,l_per_ha,2025-02-28 11:17:38,4578.0,55989,25.720371,F-100,1028,corn,0.9461553,45.78,2176.835
1.0347589,Field-D,sprayer-z,259683,l_per_ha,2025-02-19 18:42:15,5630.0,213751,39.029312,F-300,1004,soy,1.0347589,56.3,5476.6787
,Field-D,sprayer-x,235548,l_per_ha,2025-02-07 12:22:58,5094.0,143933,33.7238,F-200,1012,soy,,50.94,4267.9946
0.9811357,Field-A,sprayer-x,234030,l_per_ha,2025-03-29 06:48:02,3329.0,25842,16.787952,F-100,1018,barley,0.9811357,33.29,1539.3182
0.77169144,Field-C,sprayer-z,270120,l_per_ha,2025-01-10 15:39:59,1086.0,52023,12.679301,F-300,1026,barley,0.77169144,10.86,4102.9863
0.9924199,Field-A,sprayer-x,285985,l_per_ha,2025-03-30 14:41:19,2652.0,49400,15.366087,F-200,1027,soy,0.9924199,26.52,3214.8718
2.327809,Field-B,sprayer-x,212764,l_per_ha,2025-01-14 20:40:05,10185.0,60949,23.92776,F-100,1008,wheat,2.327809,101.85,2547.2087
1.2471699,Field-C,sprayer-x,284545,l_per_ha,2025-01-26 22:34:22,2268.0,39530,10.324558,F-200,1029,corn,1.2471699,22.68,3828.7354
1.4615803,Field-C,sprayer-y,283000,l_per_ha,2025-03-15 22:22:31,14104.0,222438,57.10259,F-200,1018,barley,1.4615803,141.04,3895.4102
0.53432095,Field-B,sprayer-z,210905,l_per_ha,2025-03-08 00:54:27,1735.0,123569,27.274673,F-300,1002,barley,0.53432095,17.35,4530.54
2.3624272,Field-D,sprayer-x,210816,l_per_ha,2025-03-29 07:57:54,24373.0,74823,49.49333,F-100,1028,soy,2.3624272,243.73,1511.7795
0.9533472,Field-D,sprayer-z,269503,l_per_ha,2025-03-09 11:57:51,7321.0,305689,58.59294,F-300,1004,barley,0.9533472,73.21,5217.164
,Field-A,sprayer-x,284280,l_per_ha,2025-02-27 07:56:18,4841.0,17094,9.44044,F-100,1017,barley,,48.41,1810.7206
1.0255219,Field-C,sprayer-y,239383,l_per_ha,2025-02-01 04:25:28,6557.0,133133,40.84182,F-200,1023,barley,1.0255219,65.57,3259.7224
0.7890855,Field-C,sprayer-z,264063,l_per_ha,2025-01-01 10:10:44,5729.0,213220,52.927498,F-300,1007,soy,0.7890855,57.29,4028.5295
0.8517264,Field-B,sprayer-x,299971,l_per_ha,2025-01-12 03:33:31,5792.0,177777,39.882893,F-200,1008,corn,0.8517264,57.92,4457.475
0.96586996,Field-C,sprayer-y,232279,l_per_ha,2025-01-27 19:11:55,3953.0,122478,28.596437,F-200,1014,corn,0.96586996,39.53,4282.981
0.8,Field-D,sprayer-x,222502,l_per_ha,2025-01-04 16:26:43,4659.0,48355,28.7092,F-100,1026,corn,0.8,46.59,1684.3033
0.87187886,Field-D,sprayer-z,299161,l_per_ha,2025-02-15 17:40:04,1057.0,25855,6.9744387,F-200,1006,wheat,0.87187886,10.57,3707.1084
0.66152096,Field-D,sprayer-z,228052,l_per_ha,2025-03-11 23:03:40,2943.0,156763,34.40304,F-300,1019,soy,0.66152096,29.43,4556.661
1.1404195,Field-C,sprayer-x,247259,l_per_ha,2025-03-28 16:37:48,14808.0,145986,59.644863,F-100,1013,wheat,1.1404195,148.08,2447.5872
1.2208458,Field-B,sprayer-z,244210,l_per_ha,2025-02-14 01:45:05,9448.0,251724,57.728912,F-300,1003,corn,1.2208458,94.48,4360.449
0.5394288,Field-B,sprayer-z,226871,l_per_ha,2025-03-30 16:46:00,2684.0,180258,43.818836,F-300,1024,barley,0.5394288,26.84,4113.7104
0.8926413,Field-B,sprayer-y,269199,l_per_ha,2025-02-11 20:20:33,8691.0,217238,54.664402,F-200,1005,wheat,0.8926413,86.91,3974.0303
1.2492962,Field-B,sprayer-y,220055,l_per_ha,2025-01-30 06:33:44,1361.0,24010,7.481311,F-200,1004,barley,1.2492962,13.61,3209.3306
,Field-A,sprayer-x,248090,l_per_ha,2025-03-30 00:18:02,11062.0,206942,56.473076,F-200,1012,soy,,110.62,3664.4365
1.8820828,Field-D,sprayer-x,205736,l_per_ha,2025-01-22 18:31:44,17421.0,116972,51.061165,F-100,1015,barley,1.8820828,174.21,2290.8213
1.4309571,Field-A,sprayer-x,222087,l_per_ha,2025-02-07 01:00:14,2305.0,38755,11.462741,F-200,1016,barley,1.4309571,23.05,3380.954
0.934125,Field-A,sprayer-z,298721,l_per_ha,2025-01-07 15:54:21,891.0,39639,8.2903385,F-300,1007,soy,0.934125,8.91,4781.3486
1.1130373,Field-D,sprayer-y,250637,l_per_ha,2025-03-13 10:21:12,8714.0,184625,50.90892,F-200,1015,wheat,1.1130373,87.14,3626.5745
0.978145,Field-C,sprayer-z,262272,l_per_ha,2025-02-28 11:38:53,1338.0,66517,13.566672,F-300,1008,soy,0.978145,13.38,4902.971
2.1960056,Field-B,sprayer-x,288878,l_per_ha,2025-01-08 15:12:34,15517.0,93868,34.4194,F-100,1020,wheat,2.1960056,155.17,2727.183
1.0644147,Field-C,sprayer-y,271374,l_per_ha,2025-01-20 23:21:52,9539.0,178003,55.365967,F-200,1023,wheat,1.0644147,95.39,3215.0256
2.5613391,Field-B,sprayer-x,279239,l_per_ha,2025-02-19 23:47:50,18372.0,94168,36.20965,F-100,1019,soy,2.5613391,183.72,2600.633
0.6470916,Field-A,sprayer-z,271205,l_per_ha,2025-02-18 15:17:24,2067.0,112687,26.847832,F-300,1000,soy,0.6470916,20.67,4197.2476
0.8943834,Field-C,sprayer-y,249882,l_per_ha,2025-03-14 04:26:56,3083.0,159029,29.475883,F-300,1029,soy,0.8943834,30.83,5395.224
0.7420027,Field-A,sprayer-z,263257,l_per_ha,2025-01-24 22:46:13,755.0,44587,8.471444,F-300,1000,wheat,0.7420027,7.55,5263.211
1.369546,Field-C,sprayer-z,228849,l_per_ha,2025-03-25 05:21:20,12419.0,221502,58.281376,F-200,1029,wheat,1.369546,124.19,3800.5623
1.0519595,Field-D,sprayer-x,289041,l_per_ha,2025-02-10 00:03:47,3281.0,79386,22.08598,F-200,1000,corn,1.0519595,32.81,3594.407
,Field-D,sprayer-x,217988,l_per_ha,2025-03-16 00:46:46,5643.0,28679,15.414992,F-100,1015,soy,,56.43,1860.4615
1.0320075,Field-B,sprayer-z,288410,l_per_ha,2025-01-22 10:54:11,2538.0,94017,20.732601,F-300,1003,soy,1.0320075,25.38,4534.742
1.0320885,Field-D,sprayer-z,287838,l_per_ha,2025-01-04 07:51:24,8147.0,262108,58.040527,F-300,1002,barley,1.0320885,81.47,4515.948
0.65505904,Field-C,sprayer-y,214227,l_per_ha,2025-01-05 22:54:57,730.0,52165,10.185733,F-300,1020,soy,0.65505904,7.3,5121.379
1.0166216,Field-B,sprayer-z,271016,l_per_ha,2025-02-03 13:02:13,6657.0,266798,52.701668,F-300,1021,wheat,1.0166216,66.57,5062.4204
,Field-A,sprayer-y,298966,l_per_ha,2025-03-27 18:48:38,4929.0,165944,43.931416,F-200,1003,corn,,49.29,3777.3425
1.356935,Field-D,sprayer-x,287943,l_per_ha,2025-01-10 20:02:59,13607.0,99319,51.318504,F-100,1009,wheat,1.356935,136.07,1935.3447
1.3221792,Field-A,sprayer-x,251255,l_per_ha,2025-03-25 20:10:46,11137.0,235426,56.88603,F-200,1008,wheat,1.3221792,111.37,4138.5557
1.0554146,Field-C,sprayer-z,212169,l_per_ha,2025-03-02 18:39:36,1533.0,53649,11.98144,F-300,1013,wheat,1.0554146,15.33,4477.676
2.3923445,Field-D,sprayer-x,268248,l_per_ha,2025-03-06 04:38:15,18190.0,57275,35.012165,F-100,1012,corn,2.3923445,181.9,1635.8601
2.1283293,Field-B,sprayer-x,245536,l_per_ha,2025-03-01 03:10:38,15316.0,53804,34.892258,F-100,1006,wheat,2.1283293,153.16,1542.004
1.0463816,Field-A,sprayer-y,221671,l_per_ha,2025-03-11 15:14:12,9927.0,171357,54.440685,F-200,1001,corn,1.0463816,99.27,3147.5908
2.1952274,Field-B,sprayer-x,279903,l_per_ha,2025-01-01 17:32:58,25396.0,107972,58.44921,F-100,1011,wheat,2.1952274,253.96,1847.279
1.1222372,Field-D,sprayer-z,212057,l_per_ha,2025-03-19 21:23:10,7407.0,190126,43.76611,F-200,1020,soy,1.1222372,74.07,4344.1377
2.049001,Field-A,sprayer-y,203952,l_per_ha,2025-02-05 09:49:22,11369.0,72151,26.24878,F-100,1009,corn,2.049001,113.69,2748.7373
1.0945426,Field-A,sprayer-y,238739,l_per_ha,2025-03-14 01:52:57,3998.0,105461,24.887947,F-200,1023,barley,1.0945426,39.98,4237.4326
1.9525174,Field-B,sprayer-y,290995,l_per_ha,2025-02-04 08:43:39,9563.0,59032,26.532877,F-100,1020,soy,1.9525174,95.63,2224.8625
1.6528682,Field-C,sprayer-x,294117,l_per_ha,2025-01-05 09:45:41,3492.0,15815,9.936428,F-100,1024,corn,1.6528682,34.92,1591.6183
1.1809474,Field-A,sprayer-z,287195,l_per_ha,2025-03-23 16:53:08,1582.0,40836,9.258985,F-200,1027,corn,1.1809474,15.82,4410.419
1.0201919,Field-C,sprayer-z,232397,l_per_ha,2025-01-22 02:35:45,6034.0,243044,47.89284,F-300,1024,corn,1.0201919,60.34,5074.746
1.6308117,Field-A,sprayer-x,237331,l_per_ha,2025-01-22 00:41:27,12248.0,80664,38.672157,F-100,1011,soy,1.6308117,122.48,2085.8418
0.8350189,Field-B,sprayer-z,274882,l_per_ha,2025-03-19 05:33:02,869.0,28241,6.934679,F-200,1009,barley,0.8350189,8.69,4072.4307
1.0206014,Field-C,sprayer-z,211916,l_per_ha,2025-02-09 22:30:02,1583.0,67809,13.663784,F-300,1007,wheat,1.0206014,15.83,4962.681
0.8992873,Field-D,sprayer-z,266792,l_per_ha,2025-01-01 09:43:12,2569.0,52207,16.32009,F-200,1022,wheat,0.8992873,25.69,3198.941
3.0054631,Field-B,sprayer-x,258638,l_per_ha,2025-03-27 15:42:40,33830.0,92322,58.66548,F-100,1021,wheat,3.0054631,338.3,1573.7023
0.9073611,Field-B,sprayer-z,292040,l_per_ha,2025-02-16 07:35:57,1666.0,74806,17.028732,F-300,1024,corn,0.9073611,16.66,4392.928
1.8924254,Field-D,sprayer-x,210192,l_per_ha,2025-01-24 16:01:51,12714.0,83557,33.36656,F-100,1005,barley,1.8924254,127.14,2504.2136
1.3832535,Field-B,sprayer-y,298994,l_per_ha,2025-02-17 18:07:07,13646.0,263442,58.7456,F-200,1006,wheat,1.3832535,136.46,4484.455
1.7334963,Field-B,sprayer-y,238967,l_per_ha,2025-01-03 15:57:06,4526.0,74270,17.999825,F-200,1026,soy,1.7334963,45.26,4126.1514
0.77014744,Field-A,sprayer-z,265804,l_per_ha,2025-03-10 08:50:17,742.0,37893,7.7014704,F-300,1008,corn,0.77014744,7.42,4920.2295
1.8557591,Field-C,sprayer-y,272840,l_per_ha,2025-03-04 23:36:20,2468.0,27585,8.483067,F-200,1017,wheat,1.8557591,24.68,3251.7722
1.2165658,Field-D,sprayer-z,227576,l_per_ha,2025-03-22 14:34:16,1985.0,83869,15.731833,F-300,1026,wheat,1.2165658,19.85,5331.165
1.5487467,Field-C,sprayer-x,257222,l_per_ha,2025-02-24 22:55:25,12295.0,87381,36.271336,F-100,1027,corn,1.5487467,122.95,2409.0925
1.4827781,Field-D,sprayer-x,287977,l_per_ha,2025-03-02 10:41:01,11585.0,225706,55.184685,F-200,1002,corn,1.4827781,115.85,4090.0117
0.80936635,Field-A,sprayer-x,247438,l_per_ha,2025-01-22 09:20:31,6158.0,85960,39.429424,F-100,1004,wheat,0.80936635,61.58,2180.0977
0.861004,Field-D,sprayer-z,234135,l_per_ha,2025-03-18 18:00:26,4707.0,208933,49.0321,F-300,1016,barley,0.861004,47.07,4261.1475
0.5307326,Field-A,sprayer-z,284927,l_per_ha,2025-02-17 04:15:24,2095.0,159924,38.97839,F-300,1008,corn,0.5307326,20.95,4102.8887
2.4541967,Field-D,sprayer-x,221611,l_per_ha,2025-02-01 07:44:52,28288.0,93626,52.527527,F-100,1002,soy,2.4541967,282.88,1782.4178
1.7267311,Field-C,sprayer-x,265630,l_per_ha,2025-03-12 03:57:31,20066.0,114118,57.18637,F-100,1015,soy,1.7267311,200.66,1995.5454
2.1384792,Field-B,sprayer-x,248496,l_per_ha,2025-03-18 19:13:28,10713.0,64125,24.134542,F-100,1001,wheat,2.1384792,107.13,2656.9802
1.4913019,Field-D,sprayer-x,232087,l_per_ha,2025-03-23 05:28:19,2185.0,31221,9.981848,F-200,1006,barley,1.4913019,21.85,3127.7776
1.7866975,Field-D,sprayer-x,271666,l_per_ha,2025-01-27 21:43:05,5687.0,45454,17.426092,F-100,1000,corn,1.7866975,56.87,2608.3875
1.5873088,Field-C,sprayer-x,252925,l_per_ha,2025-02-10 09:46:45,7096.0,79698,25.807041,F-200,1025,corn,1.5873088,70.96,3088.227
0.9111879,Field-D,sprayer-z,275771,l_per_ha,2025-02-05 17:23:25,5501.0,208349,47.39253,F-300,1023,wheat,0.9111879,55.01,4396.2417
,Field-A,sprayer-y,286414,l_per_ha,2025-01-11 07:26:06,10293.0,121434,34.72622,F-200,1002,wheat,,102.93,3496.8967
2.0058582,Field-C,sprayer-x,262978,l_per_ha,2025-01-25 17:37:19,5616.0,40090,15.054482,F-100,1001,barley,2.0058582,56.16,2662.9941
1.9831983,Field-C,sprayer-x,278756,l_per_ha,2025-03-21 18:57:51,17084.0,114160,40.925552,F-100,1019,barley,1.9831983,170.84,2789.4553
1.1098998,Field-C,sprayer-y,226924,l_per_ha,2025-03-19 23:17:52,5766.0,215360,42.006935,F-300,1022,barley,1.1098998,57.66,5126.7725
0.86228275,Field-A,sprayer-z,225090,l_per_ha,2025-01-17 21:12:08,3481.0,126715,28.911785,F-300,1024,barley,0.86228275,34.81,4382.8145
1.6506088,Field-C,sprayer-y,248398,l_per_ha,2025-03-03 03:20:13,4753.0,73605,17.575508,F-200,1010,corn,1.6506088,47.53,4187.93
2.0987782,Field-D,sprayer-x,263102,l_per_ha,2025-01-08 15:11:34,17816.0,99460,44.704872,F-100,1005,barley,2.0987782,178.16,2224.8135
2.6046324,Field-D,sprayer-y,264599,l_per_ha,2025-03-02 18:01:41,7713.0,39428,14.288017,F-100,1000,soy,2.6046324,77.13,2759.5151
1.2185824,Field-A,sprayer-z,236379,l_per_ha,2025-03-06 14:06:02,1714.0,44626,10.90218,F-300,1025,barley,1.2185824,17.14,4093.3098
1.2127893,Field-B,sprayer-z,287729,l_per_ha,2025-02-08 05:45:32,6796.0,131685,32.370625,F-200,1008,soy,1.2127893,67.96,4068.0403
0.7965972,Field-A,sprayer-z,272436,l_per_ha,2025-03-14 16:03:08,3698.0,163990,33.57523,F-300,1024,corn,0.7965972,36.98,4884.256
1.1246189,Field-D,sprayer-z,298294,l_per_ha,2025-02-18 00:32:03,5184.0,139480,32.95061,F-300,1016,wheat,1.1246189,51.84,4233.002
0.96175987,Field-D,sprayer-z,263166,l_per_ha,2025-03-31 21:17:08,3428.0,118175,29.016712,F-300,1016,corn,0.96175987,34.28,4072.653
0.76048857,Field-A,sprayer-z,218786,l_per_ha,2025-01-27 16:08:31,2933.0,155600,31.745434,F-300,1024,wheat,0.76048857,29.33,4901.492
1.28722,Field-A,sprayer-y,239866,l_per_ha,2025-03-11 18:37:15,7044.0,125549,31.287062,F-200,1001,corn,1.28722,70.44,4012.8088
1.2151356,Field-D,sprayer-z,285834,l_per_ha,2025-02-06 17:09:16,4432.0,147989,28.197134,F-300,1002,soy,1.2151356,44.32,5248.3706
0.9765051,Field-B,sprayer-y,238202,l_per_ha,2025-02-18 01:48:13,1337.0,36898,8.675417,F-200,1012,wheat,0.9765051,13.37,4253.1675
1.11578,Field-C,sprayer-y,205335,l_per_ha,2025-01-13 07:32:02,5960.0,121132,37.612614,F-200,1011,corn,1.11578,59.6,3220.5154
1.3213769,Field-D,sprayer-z,224513,l_per_ha,2025-01-11 17:46:52,2785.0,76102,17.538227,F-300,1016,barley,1.3213769,27.85,4339.207
2.5137906,Field-A,sprayer-x,259521,l_per_ha,2025-02-21 17:43:24,19674.0,100054,40.068493,F-100,1022,barley,2.5137906,196.74,2497.0742
0.70337963,Field-A,sprayer-z,262910,l_per_ha,2025-01-17 19:15:08,559.0,41990,7.7958403,F-300,1017,soy,0.70337963,5.59,5386.2056
1.3713522,Field-A,sprayer-y,298382,l_per_ha,2025-03-31 18:46:22,12007.0,249941,58.97629,F-200,1007,soy,1.3713522,120.07,4237.991
0.82477915,Field-A,sprayer-z,293385,l_per_ha,2025-03-19 00:15:18,3505.0,161401,30.795279,F-300,1009,wheat,0.82477915,35.05,5241.0957
0.81936747,Field-A,sprayer-z,253150,l_per_ha,2025-03-05 01:54:10,6119.0,260682,54.321545,F-300,1022,soy,0.81936747,61.19,4798.869
1.0991877,Field-D,sprayer-z,255451,l_per_ha,2025-03-08 02:57:01,3588.0,128956,31.155865,F-300,1006,soy,1.0991877,35.88,4139.06
0.8060497,Field-C,sprayer-x,280067,l_per_ha,2025-02-23 13:39:35,999.0,31644,8.318195,F-200,1015,corn,0.8060497,9.99,3804.1907
1.0700302,Field-D,sprayer-z,259518,l_per_ha,2025-02-05 07:31:02,7659.0,172511,40.650105,F-200,1022,wheat,1.0700302,76.59,4243.8022
0.5905141,Field-D,sprayer-y,247400,l_per_ha,2025-02-14 14:55:52,4750.0,145539,47.99664,F-200,1021,wheat,0.5905141,47.5,3032.275
0.7237523,Field-A,sprayer-z,278308,l_per_ha,2025-03-24 09:02:43,2378.0,114711,28.549343,F-300,1013,corn,0.7237523,23.78,4017.991
0.921421,Field-B,sprayer-z,280035,l_per_ha,2025-01-20 18:06:03,4195.0,175402,40.08652,F-300,1009,corn,0.921421,41.95,4375.5854
0.89954996,Field-D,sprayer-z,265559,l_per_ha,2025-02-14 17:20:23,5010.0,233234,52.092594,F-300,1011,barley,0.89954996,50.1,4477.2964
1.527198,Field-A,sprayer-y,265728,l_per_ha,2025-01-31 23:11:01,10051.0,175601,39.7086,F-200,1012,wheat,1.527198,100.51,4422.241
1.5695626,Field-A,sprayer-x,269113,l_per_ha,2025-01-13 02:13:57,5697.0,89241,24.12205,F-200,1006,soy,1.5695626,56.97,3699.5613
2.6088626,Field-C,sprayer-x,258013,l_per_ha,2025-01-10 06:31:07,22688.0,90258,41.43913,F-100,1018,soy,2.6088626,226.88,2178.0864
1.1078619,Field-D,sprayer-x,222781,l_per_ha,2025-02-02 21:13:02,6692.0,167234,41.95198,F-200,1006,soy,1.1078619,66.92,3986.3196
1.237122,Field-D,sprayer-y,228452,l_per_ha,2025-01-08 10:01:47,12165.0,245329,57.832283,F-200,1019,soy,1.237122,121.65,4242.077
1.1358609,Field-A,sprayer-z,261836,l_per_ha,2025-02-01 13:52:32,4611.0,93409,28.379498,F-200,1028,barley,1.1358609,46.11,3291.4255
0.82571644,Field-D,sprayer-z,223790,l_per_ha,2025-01-19 04:16:28,4373.0,232354,49.666763,F-300,1003,wheat,0.82571644,43.73,4678.2593
2.122341,Field-D,sprayer-x,287785,l_per_ha,2025-02-19 22:23:18,14354.0,54272,32.81693,F-100,1022,barley,2.122341,143.54,1653.7806
,Field-C,sprayer-y,298064,l_per_ha,2025-01-02 14:09:52,3846.0,246460,45.51152,F-300,1002,wheat,,38.46,5415.332
2.203864,Field-D,sprayer-x,262608,l_per_ha,2025-01-28 03:54:55,13232.0,74943,30.284021,F-100,1010,corn,2.203864,132.32,2474.6714
0.83762175,Field-D,sprayer-z,222778,l_per_ha,2025-02-10 19:05:04,1542.0,83993,16.852232,F-300,1005,barley,0.83762175,15.42,4984.0874
1.16753,Field-B,sprayer-z,293828,l_per_ha,2025-03-28 16:23:29,8575.0,191196,45.98621,F-200,1004,corn,1.16753,85.75,4157.681
,Field-A,sprayer-x,223668,l_per_ha,2025-02-27 02:36:25,2489.0,31496,12.213534,F-100,1005,barley,,24.89,2578.7786
1.2138175,Field-B,sprayer-z,243246,l_per_ha,2025-03-21 06:21:13,2882.0,69832,15.922101,F-200,1001,corn,1.2138175,28.82,4385.853
0.940269,Field-A,sprayer-z,285867,l_per_ha,2025-01-31 21:30:42,4220.0,175328,39.475372,F-300,1024,corn,0.940269,42.2,4441.4526
1.0279872,Field-A,sprayer-z,252067,l_per_ha,2025-02-10 11:22:24,6421.0,228031,46.09984,F-300,1001,soy,1.0279872,64.21,4946.46
1.5920867,Field-A,sprayer-x,224298,l_per_ha,2025-02-07 20:01:28,16257.0,139006,54.207832,F-100,1011,barley,1.5920867,162.57,2564.3157
1.0935998,Field-C,sprayer-z,208010,l_per_ha,2025-03-21 20:46:20,2689.0,105995,19.992258,F-300,1020,wheat,1.0935998,26.89,5301.8027
1.8475977,Field-C,sprayer-y,267208,l_per_ha,2025-03-28 14:38:30,18358.0,236895,57.582565,F-200,1025,corn,1.8475977,183.58,4114.0054
1.5713651,Field-C,sprayer-y,271464,l_per_ha,2025-03-09 16:14:25,3447.0,42515,13.49327,F-200,1004,barley,1.5713651,34.47,3150.83
1.6233951,Field-C,sprayer-y,222294,l_per_ha,2025-02-15 06:43:13,4013.0,53291,15.871684,F-200,1029,soy,1.6233951,40.13,3357.6147
0.902146,Field-C,sprayer-z,215874,l_per_ha,2025-02-18 16:15:01,2708.0,80862,21.02312,F-200,1019,corn,0.902146,27.08,3846.337
1.9962163,Field-D,sprayer-x,215907,l_per_ha,2025-01-26 14:36:29,22740.0,132041,53.555405,F-100,1013,wheat,1.9962163,227.4,2465.5027
,Field-B,sprayer-z,206425,l_per_ha,2025-02-01 04:53:17,6810.0,181389,46.830032,F-200,1027,corn,,68.1,3873.348
1.6059221,Field-A,sprayer-x,248635,l_per_ha,2025-03-22 17:30:47,11776.0,148682,43.948666,F-200,1011,barley,1.6059221,117.76,3383.0835
0.8341581,Field-C,sprayer-z,224369,l_per_ha,2025-01-22 03:48:35,2774.0,124268,24.672544,F-300,1026,corn,0.8341581,27.74,5036.6914
1.1736281,Field-A,sprayer-z,221122,l_per_ha,2025-02-20 10:36:50,6187.0,115905,31.312271,F-200,1028,soy,1.1736281,61.87,3701.584
1.2280709,Field-A,sprayer-y,223565,l_per_ha,2025-01-30 06:44:25,2023.0,71387,13.108427,F-300,1029,wheat,1.2280709,20.23,5445.8857
1.0510927,Field-A,sprayer-x,234282,l_per_ha,2025-03-22 04:17:11,3981.0,42990,20.038633,F-100,1028,corn,1.0510927,39.81,2145.356
0.95363253,Field-B,sprayer-z,200923,l_per_ha,2025-03-23 19:34:47,2523.0,114277,21.958326,F-300,1026,wheat,0.95363253,25.23,5204.2676
1.649958,Field-A,sprayer-x,201175,l_per_ha,2025-01-28 12:58:54,4150.0,30277,12.000191,F-100,1013,corn,1.649958,41.5,2523.0432
0.82009023,Field-C,sprayer-z,237044,l_per_ha,2025-02-17 15:48:39,2895.0,156959,35.263184,F-300,1005,corn,0.82009023,28.95,4451.0728
1.1871957,Field-C,sprayer-z,201990,l_per_ha,2025-03-30 13:25:24,6153.0,187080,43.77655,F-300,1018,barley,1.1871957,61.53,4273.521
1.2131559,Field-D,sprayer-z,231825,l_per_ha,2025-03-08 19:24:24,1113.0,46774,8.84624,F-300,1006,soy,1.2131559,11.13,5287.4443
1.1335212,Field-C,sprayer-y,258091,l_per_ha,2025-01-20 09:45:18,6109.0,104148,31.461771,F-200,1014,corn,1.1335212,61.09,3310.3032
0.67305696,Field-C,sprayer-x,203115,l_per_ha,2025-02-23 04:00:31,4816.0,195961,48.021614,F-200,1019,barley,0.67305696,48.16,4080.683
0.89039034,Field-C,sprayer-z,261782,l_per_ha,2025-02-25 18:57:48,7062.0,198799,46.139458,F-200,1028,soy,0.89039034,70.62,4308.655
1.3485819,Field-A,sprayer-y,262123,l_per_ha,2025-02-28 19:25:43,11162.0,218356,49.82902,F-200,1008,barley,1.3485819,111.62,4382.105
2.200155,Field-C,sprayer-y,262665,l_per_ha,2025-01-27 22:40:04,20566.0,127284,50.13064,F-100,1022,wheat,2.200155,205.66,2539.046
1.4119598,Field-A,sprayer-z,280923,l_per_ha,2025-03-18 21:57:57,3971.0,72484,18.241419,F-200,1000,soy,1.4119598,39.71,3973.5945
1.1579859,Field-A,sprayer-z,216882,l_per_ha,2025-01-27 23:20:33,2173.0,73887,14.699556,F-300,1022,soy,1.1579859,21.73,5026.478
0.7190385,Field-D,sprayer-z,231704,l_per_ha,2025-01-30 00:35:00,2946.0,126132,30.711649,F-300,1016,corn,0.7190385,29.46,4106.9756
0.80941963,Field-B,sprayer-z,268811,l_per_ha,2025-01-16 23:09:27,3508.0,104582,26.563301,F-200,1011,wheat,0.80941963,35.08,3937.086
0.7111154,Field-C,sprayer-z,287280,l_per_ha,2025-01-14 23:45:13,1816.0,86357,18.250992,F-300,1024,corn,0.7111154,18.16,4731.6333
2.323787,Field-B,sprayer-x,291866,l_per_ha,2025-02-01 05:33:12,20440.0,89679,46.34794,F-100,1011,wheat,2.323787,204.4,1934.9081
1.5138156,Field-A,sprayer-x,258216,l_per_ha,2025-03-20 16:31:08,4778.0,95733,22.261572,F-200,1021,corn,1.5138156,47.78,4300.37
,Field-B,sprayer-x,241011,l_per_ha,2025-01-01 03:18:55,8887.0,37677,20.004238,F-100,1013,corn,,88.87,1883.4509
1.6527674,Field-D,sprayer-y,205982,l_per_ha,2025-01-06 10:57:15,10091.0,61160,29.135193,F-100,1015,corn,1.6527674,100.91,2099.1794
,Field-A,sprayer-x,246510,l_per_ha,2025-02-20 12:49:01,6763.0,45432,21.663055,F-100,1001,barley,,67.63,2097.2112
1.9904222,Field-D,sprayer-x,220827,l_per_ha,2025-03-13 06:39:53,6136.0,65415,17.979849,F-200,1018,barley,1.9904222,61.36,3638.2395
,Field-B,sprayer-x,281188,l_per_ha,2025-03-12 13:03:36,22439.0,115574,56.150185,F-100,1014,soy,,224.39,2058.3013
2.7397952,Field-C,sprayer-x,230201,l_per_ha,2025-02-27 03:24:02,19306.0,76733,32.386253,F-100,1018,wheat,2.7397952,193.06,2369.3079
1.0351213,Field-D,sprayer-z,291400,l_per_ha,2025-02-09 10:54:51,5056.0,180600,40.364914,F-300,1007,wheat,1.0351213,50.56,4474.1826
1.870193,Field-B,sprayer-x,210709,l_per_ha,2025-03-19 11:41:19,19356.0,116936,52.694477,F-100,1008,wheat,1.870193,193.56,2219.132
0.9217404,Field-C,sprayer-z,291066,l_per_ha,2025-02-12 20:42:56,6536.0,241357,59.93563,F-300,1012,soy,0.9217404,65.36,4026.937
0.5918531,Field-B,sprayer-y,265016,l_per_ha,2025-02-23 00:17:09,4478.0,228826,54.973454,F-300,1003,barley,0.5918531,44.78,4162.482
0.87674665,Field-A,sprayer-z,231074,l_per_ha,2025-03-02 17:07:49,5306.0,238919,48.52983,F-300,1024,wheat,0.87674665,53.06,4923.1367
0.7169548,Field-A,sprayer-z,279973,l_per_ha,2025-01-24 00:13:52,2353.0,149845,30.351227,F-300,1010,wheat,0.7169548,23.53,4937.0327
1.1496378,Field-C,sprayer-z,224491,l_per_ha,2025-03-02 10:38:21,960.0,25599,5.8693056,F-200,1004,wheat,1.1496378,9.6,4361.504
1.9224348,Field-B,sprayer-x,219967,l_per_ha,2025-01-25 00:44:16,13252.0,49476,32.187298,F-100,1022,corn,1.9224348,132.52,1537.128
1.672613,Field-C,sprayer-x,233280,l_per_ha,2025-03-12 21:11:38,6712.0,109749,27.404932,F-200,1008,barley,1.672613,67.12,4004.7173
1.2656803,Field-C,sprayer-x,260258,l_per_ha,2025-02-12 07:47:44,9337.0,71256,36.249203,F-100,1003,corn,1.2656803,93.37,1965.726
0.6485235,Field-C,sprayer-z,263310,l_per_ha,2025-01-17 15:59:14,2810.0,188349,35.36895,F-300,1015,wheat,0.6485235,28.1,5325.264
1.0782263,Field-B,sprayer-x,255393,l_per_ha,2025-01-16 09:47:04,10089.0,92778,51.013718,F-100,1004,barley,1.0782263,100.89,1818.6873
1.291674,Field-B,sprayer-x,220244,l_per_ha,2025-01-29 18:00:39,3860.0,77127,17.384771,F-200,1013,corn,1.291674,38.6,4436.4688
2.1517334,Field-D,sprayer-x,291939,l_per_ha,2025-01-10 04:05:28,19448.0,130548,48.615273,F-100,1016,corn,2.1517334,194.48,2685.3289
0.9547325,Field-A,sprayer-x,225133,l_per_ha,2025-02-08 10:38:09,6924.0,173968,51.631027,F-200,1019,wheat,0.9547325,69.24,3369.4468
1.6684132,Field-A,sprayer-y,210309,l_per_ha,2025-02-28 18:18:42,18334.0,135567,59.715332,F-100,1020,soy,1.6684132,183.34,2270.221
0.94116,Field-B,sprayer-x,245398,l_per_ha,2025-01-29 16:55:48,7550.0,204864,53.010162,F-200,1025,barley,0.94116,75.5,3864.6177
,Field-B,sprayer-z,285494,l_per_ha,2025-02-16 03:30:04,1276.0,133276,27.09139,F-300,1000,wheat,,12.76,4919.4966
1.4901199,Field-D,sprayer-x,226739,l_per_ha,2025-03-26 02:51:07,5941.0,33350,19.74468,F-100,1000,barley,1.4901199,59.41,1689.0625
0.77110887,Field-B,sprayer-z,270376,l_per_ha,2025-02-08 23:13:14,3323.0,185003,38.346466,F-300,1006,corn,0.77110887,33.23,4824.512
1.1112771,Field-A,sprayer-z,235535,l_per_ha,2025-01-04 05:25:13,2922.0,122828,23.955248,F-300,1026,corn,1.1112771,29.22,5127.394
0.819749,Field-D,sprayer-z,266157,l_per_ha,2025-03-26 10:07:51,3050.0,146793,35.635098,F-300,1023,corn,0.819749,30.5,4119.3374
0.5,Field-B,sprayer-y,222354,l_per_ha,2025-01-10 06:29:08,1281.0,54643,15.735204,F-200,1005,wheat,0.5,12.81,3472.6592
0.9368733,Field-A,sprayer-z,291682,l_per_ha,2025-01-27 10:17:06,951.0,37435,8.186994,F-300,1025,barley,0.9368733,9.51,4572.4966
0.97911805,Field-B,sprayer-x,216838,l_per_ha,2025-01-04 16:43:51,8357.0,256057,57.211143,F-200,1026,soy,0.97911805,83.57,4475.649
1.8094201,Field-C,sprayer-x,295949,l_per_ha,2025-01-05 14:41:48,7242.0,107359,27.158379,F-200,1002,corn,1.8094201,72.42,3953.071
1.0247912,Field-B,sprayer-z,247114,l_per_ha,2025-01-23 03:30:13,8232.0,209560,50.876648,F-200,1014,wheat,1.0247912,82.32,4118.982
1.6078707,Field-D,sprayer-x,299674,l_per_ha,2025-02-21 11:49:34,14801.0,77413,42.47312,F-100,1024,barley,1.6078707,148.01,1822.6351
1.6635697,Field-C,sprayer-y,235318,l_per_ha,2025-01-06 21:32:44,4433.0,60918,15.555664,F-200,1014,wheat,1.6635697,44.33,3916.13
0.94210696,Field-B,sprayer-z,256550,l_per_ha,2025-03-30 14:44:18,1529.0,71834,14.650424,F-300,1025,soy,0.94210696,15.29,4903.203
2.8137007,Field-C,sprayer-x,261523,l_per_ha,2025-02-10 23:03:16,27240.0,103053,49.65935,F-100,1028,soy,2.8137007,272.4,2075.1982
0.65798944,Field-D,sprayer-z,233869,l_per_ha,2025-01-24 17:54:22,1517.0,78900,19.559145,F-300,1014,soy,0.65798944,15.17,4033.919
0.6078952,Field-A,sprayer-y,252033,l_per_ha,2025-03-13 02:44:07,1163.0,42810,12.703047,F-200,1010,barley,0.6078952,11.63,3370.0576
1.6845192,Field-D,sprayer-x,226142,l_per_ha,2025-01-05 06:37:46,18182.0,131166,49.796062,F-100,1014,corn,1.6845192,181.82,2634.0637
0.49105436,Field-A,sprayer-z,276686,l_per_ha,2025-01-05 14:04:28,1044.0,72919,17.939102,F-300,1017,barley,0.49105436,10.44,4064.8079
1.5795255,Field-C,sprayer-x,216663,l_per_ha,2025-01-11 01:03:24,18854.0,137718,58.04854,F-100,1005,soy,1.5795255,188.54,2372.463
2.1785643,Field-C,sprayer-x,293864,l_per_ha,2025-02-27 04:49:01,9265.0,36971,19.552868,F-100,1009,wheat,2.1785643,92.65,1890.8224
0.94954467,Field-B,sprayer-y,204385,l_per_ha,2025-02-04 14:31:46,4299.0,112942,28.647638,F-200,1020,wheat,0.94954467,42.99,3942.454
1.0523258,Field-D,sprayer-x,265372,l_per_ha,2025-03-11 23:26:13,4571.0,93472,28.788357,F-200,1000,barley,1.0523258,45.71,3246.8682
1.0777966,Field-A,sprayer-z,243958,l_per_ha,2025-01-06 10:44:29,2194.0,81008,18.916912,F-300,1006,corn,1.0777966,21.94,4282.3057
0.88484573,Field-B,sprayer-z,265380,l_per_ha,2025-03-22 19:13:52,5810.0,221119,47.66851,F-300,1026,barley,0.88484573,58.1,4638.6807
1.6640761,Field-B,sprayer-x,277402,l_per_ha,2025-03-04 20:05:23,16491.0,118864,47.451714,F-100,1002,barley,1.6640761,164.91,2504.9463
1.2511524,Field-B,sprayer-z,268720,l_per_ha,2025-02-10 10:26:23,5006.0,89252,25.807491,F-200,1012,soy,1.2511524,50.06,3458.3757
3.0383556,Field-B,sprayer-x,265077,l_per_ha,2025-01-19 15:09:51,32974.0,118268,50.93192,F-100,1006,wheat,3.0383556,329.74,2322.0803
1.4312097,Field-A,sprayer-z,284088,l_per_ha,2025-03-29 22:37:35,3525.0,49832,16.719122,F-200,1003,soy,1.4312097,35.25,2980.5393
1.3705968,Field-A,sprayer-x,270188,l_per_ha,2025-01-28 04:28:28,1345.0,10182,5.236818,F-100,1012,corn,1.3705968,13.45,1944.3105
0.7955175,Field-A,sprayer-z,281374,l_per_ha,2025-02-14 03:30:22,3258.0,199171,36.414204,F-300,1015,barley,0.7955175,32.58,5469.596
1.246224,Field-C,sprayer-z,240283,l_per_ha,2025-02-05 11:18:42,12198.0,241031,59.67428,F-200,1005,wheat,1.246224,121.98,4039.1106
0.9647573,Field-B,sprayer-x,220282,l_per_ha,2025-01-21 17:59:19,1128.0,31789,7.1254373,F-200,1002,corn,0.9647573,11.28,4461.3403
1.3026493,Field-C,sprayer-z,223494,l_per_ha,2025-02-07 11:52:36,2722.0,66867,16.439894,F-300,1004,barley,1.3026493,27.22,4067.362
2.5263221,Field-C,sprayer-x,261210,l_per_ha,2025-01-14 15:12:23,16971.0,91206,33.540306,F-100,1019,soy,2.5263221,169.71,2719.2954
0.641299,Field-C,sprayer-y,253177,l_per_ha,2025-01-01 03:35:13,3250.0,204415,49.54674,F-300,1025,soy,0.641299,32.5,4125.7
1.0559059,Field-C,sprayer-y,207715,l_per_ha,2025-01-27 02:23:05,1165.0,42461,9.89731,F-300,1005,corn,1.0559059,11.65,4290.1553
1.6369278,Field-C,sprayer-x,272622,l_per_ha,2025-03-19 15:34:17,9040.0,51946,25.434877,F-100,1010,barley,1.6369278,90.4,2042.3138
1.0129192,Field-C,sprayer-x,275497,l_per_ha,2025-01-15 15:08:58,2241.0,54488,15.3860035,F-200,1007,barley,1.0129192,22.41,3541.4006
1.0074868,Field-B,sprayer-z,219696,l_per_ha,2025-01-01 02:39:48,1679.0,80561,15.752271,F-300,1001,corn,1.0074868,16.79,5114.247
1.3255497,Field-B,sprayer-y,285687,l_per_ha,2025-01-25 17:39:01,11067.0,192266,52.39979,F-200,1010,soy,1.3255497,110.67,3669.213
0.8473045,Field-C,sprayer-y,250654,l_per_ha,2025-02-14 01:19:27,3641.0,169394,40.323883,F-300,1007,wheat,0.8473045,36.41,4200.8354
2.2773983,Field-A,sprayer-x,278462,l_per_ha,2025-01-03 15:10:31,18876.0,114374,42.972107,F-100,1027,wheat,2.2773983,188.76,2661.587
2.0885599,Field-C,sprayer-x,260084,l_per_ha,2025-02-08 19:39:58,10304.0,68740,27.184492,F-100,1006,corn,2.0885599,103.04,2528.6475
1.6439729,Field-C,sprayer-x,295892,l_per_ha,2025-02-19 14:30:06,16664.0,89133,55.784084,F-100,1024,soy,1.6439729,166.64,1597.8214
0.9830293,Field-B,sprayer-y,243744,l_per_ha,2025-03-12 06:03:18,2795.0,61742,18.523157,F-200,1026,barley,0.9830293,27.95,3333.2332
1.2258761,Field-D,sprayer-z,259576,l_per_ha,2025-02-12 01:12:59,8057.0,200138,45.13984,F-200,1000,wheat,1.2258761,80.57,4433.7334
1.8468989,Field-D,sprayer-x,237230,l_per_ha,2025-02-17 16:13:42,3530.0,24678,10.37834,F-100,1020,barley,1.8468989,35.3,2377.837
0.96408993,Field-C,sprayer-y,283993,l_per_ha,2025-01-24 10:21:10,3191.0,152465,30.752728,F-300,1002,corn,0.96408993,31.91,4957.7715
1.4112444,Field-C,sprayer-x,253505,l_per_ha,2025-01-21 14:40:45,3559.0,56311,16.030935,F-200,1022,wheat,1.4112444,35.59,3512.6458
1.1416526,Field-D,sprayer-z,287911,l_per_ha,2025-01-30 00:34:45,2072.0,82820,15.19564,F-300,1003,wheat,1.1416526,20.72,5450.2476
0.88745064,Field-D,sprayer-z,262951,l_per_ha,2025-01-22 19:45:46,2390.0,84942,20.918634,F-300,1003,corn,0.88745064,23.9,4060.59
2.2728968,Field-C,sprayer-x,263500,l_per_ha,2025-02-13 04:30:17,23925.0,86599,54.91827,F-100,1018,corn,2.2728968,239.25,1576.8705
1.1227319,Field-C,sprayer-y,232624,l_per_ha,2025-03-19 16:40:09,6205.0,197590,49.14963,F-300,1012,barley,1.1227319,62.05,4020.1724
0.9673913,Field-C,sprayer-z,260919,l_per_ha,2025-03-03 11:50:16,2358.0,103493,19.631699,F-300,1003,soy,0.9673913,23.58,5271.7295
2.5746884,Field-B,sprayer-x,278876,l_per_ha,2025-01-31 00:02:28,9765.0,54647,20.077393,F-100,1005,wheat,2.5746884,97.65,2721.8176
0.9684007,Field-D,sprayer-z,243488,l_per_ha,2025-01-21 13:01:34,2110.0,86008,19.01006,F-300,1025,wheat,0.9684007,21.1,4524.3413
0.9214897,Field-A,sprayer-z,242923,l_per_ha,2025-03-08 22:55:09,1383.0,55975,12.427095,F-300,1028,corn,0.9214897,13.83,4504.2705
1.3185428,Field-B,sprayer-x,232210,l_per_ha,2025-01-30 18:23:21,12014.0,227917,56.90891,F-200,1022,barley,1.3185428,120.14,4004.944
1.5244352,Field-C,sprayer-z,273046,l_per_ha,2025-01-23 05:14:03,6435.0,82291,27.112629,F-200,1003,soy,1.5244352,64.35,3035.1538
0.8604041,Field-D,sprayer-x,259200,l_per_ha,2025-03-25 17:37:50,2386.0,61271,17.357922,F-200,1024,wheat,0.8604041,23.86,3529.8582
1.2487243,Field-B,sprayer-z,251644,l_per_ha,2025-02-13 10:28:50,8157.0,230758,51.566906,F-300,1020,wheat,1.2487243,81.57,4474.9243
1.3861117,Field-A,sprayer-x,200745,l_per_ha,2025-02-11 11:15:44,3089.0,50602,13.906786,F-200,1029,wheat,1.3861117,30.89,3638.6553
2.275127,Field-A,sprayer-x,285024,l_per_ha,2025-03-19 18:10:19,19933.0,76134,40.158768,F-100,1013,wheat,2.275127,199.33,1895.8251
1.0031917,Field-A,sprayer-z,285164,l_per_ha,2025-03-06 00:57:55,5212.0,241571,48.05979,F-300,1001,soy,1.0031917,52.12,5026.4683
1.4589453,Field-D,sprayer-x,204642,l_per_ha,2025-01-14 12:58:50,13723.0,243631,55.456757,F-200,1012,soy,1.4589453,137.23,4393.171
0.71812296,Field-D,sprayer-z,278143,l_per_ha,2025-02-24 07:45:51,6172.0,160944,51.80484,F-200,1001,corn,0.71812296,61.72,3106.7366
2.141953,Field-A,sprayer-y,252479,l_per_ha,2025-01-05 06:19:40,23804.0,131980,51.660942,F-100,1009,wheat,2.141953,238.04,2554.7346
1.115589,Field-B,sprayer-x,261498,l_per_ha,2025-01-13 10:31:24,1318.0,25721,7.7794795,F-200,1028,barley,1.115589,13.18,3306.2625
0.830366,Field-C,sprayer-y,223646,l_per_ha,2025-01-02 20:24:49,5865.0,278667,52.708294,F-300,1002,soy,0.830366,58.65,5286.967
1.1302898,Field-B,sprayer-y,219817,l_per_ha,2025-03-24 16:39:29,3604.0,82575,21.819012,F-200,1017,wheat,1.1302898,36.04,3784.5435
2.0324717,Field-B,sprayer-y,236747,l_per_ha,2025-01-09 02:00:46,16890.0,87006,39.0404,F-100,1027,soy,2.0324717,168.9,2228.6145
1.2496836,Field-C,sprayer-x,276715,l_per_ha,2025-03-25 23:02:47,2468.0,40757,12.056129,F-200,1027,corn,1.2496836,24.68,3380.604
1.3457067,Field-B,sprayer-y,219009,l_per_ha,2025-01-17 22:46:31,11301.0,168112,47.94611,F-200,1005,soy,1.3457067,113.01,3506.2698
1.2374092,Field-A,sprayer-x,256172,l_per_ha,2025-03-15 11:45:53,12110.0,228497,56.61813,F-200,1024,barley,1.2374092,121.1,4035.7568
1.9958601,Field-C,sprayer-x,288451,l_per_ha,2025-01-03 19:34:20,19752.0,113126,45.060623,F-100,1029,barley,1.9958601,197.52,2510.529
1.8609519,Field-D,sprayer-x,295161,l_per_ha,2025-01-14 19:40:52,11528.0,60865,29.267252,F-100,1009,soy,1.8609519,115.28,2079.6282
1.9632607,Field-A,sprayer-x,276299,l_per_ha,2025-01-10 22:57:34,21946.0,134224,53.217297,F-100,1014,corn,1.9632607,219.46,2522.1875
,Field-B,sprayer-x,212886,gal_per_acre,2025-03-05 13:31:39,12974.0,70120,34.01017,F-100,1015,barley,,129.74,2061.7363
1.0167572,Field-D,sprayer-z,224074,l_per_ha,2025-02-25 19:31:20,5706.0,213377,45.962402,F-300,1014,wheat,1.0167572,57.06,4642.425
1.051698,Field-C,sprayer-z,221860,l_per_ha,2025-02-12 19:05:03,8570.0,183839,50.127827,F-200,1008,wheat,1.051698,85.7,3667.404
0.5968616,Field-D,sprayer-z,215074,l_per_ha,2025-01-22 17:56:24,3530.0,236775,46.21441,F-300,1029,barley,0.5968616,35.3,5123.4023
1.2342242,Field-B,sprayer-z,217532,l_per_ha,2025-01-08 23:56:15,3083.0,101704,20.832018,F-300,1028,soy,1.2342242,30.83,4882.1
0.9024081,Field-B,sprayer-x,231623,l_per_ha,2025-02-21 05:29:52,1918.0,29075,11.481415,F-100,1011,soy,0.9024081,19.18,2532.3535
2.0327663,Field-C,sprayer-x,255551,l_per_ha,2025-01-21 18:20:34,7883.0,37278,18.10862,F-100,1024,wheat,2.0327663,78.83,2058.5776
0.9015988,Field-A,sprayer-z,239795,l_per_ha,2025-02-23 02:49:19,3790.0,158835,32.658123,F-300,1011,barley,0.9015988,37.9,4863.5684
2.1876287,Field-A,sprayer-x,242081,l_per_ha,2025-03-03 20:55:51,13709.0,90305,32.79023,F-100,1023,wheat,2.1876287,137.09,2754.0215
0.5789888,Field-C,sprayer-z,224578,l_per_ha,2025-03-18 10:46:49,2933.0,189964,37.04544,F-300,1017,soy,0.5789888,29.33,5127.8647
1.0052404,Field-C,sprayer-z,215103,l_per_ha,2025-02-14 11:00:27,3509.0,128095,26.7306,F-300,1014,barley,1.0052404,35.09,4792.073
2.99113,Field-A,sprayer-x,299889,l_per_ha,2025-01-01 10:14:29,28916.0,99884,48.279026,F-100,1003,soy,2.99113,289.16,2068.8901
1.83554,Field-C,sprayer-x,259899,l_per_ha,2025-01-26 06:14:25,20209.0,86321,55.223457,F-100,1019,corn,1.83554,202.09,1563.1221
0.9461694,Field-C,sprayer-x,280998,l_per_ha,2025-02-17 23:49:19,6551.0,197352,45.508778,F-200,1006,wheat,0.9461694,65.51,4336.57
2.0509102,Field-D,sprayer-x,283063,l_per_ha,2025-02-25 17:17:50,16756.0,89470,42.288452,F-100,1005,barley,2.0509102,167.56,2115.7075
1.8191683,Field-A,sprayer-x,296677,l_per_ha,2025-02-11 04:53:54,10694.0,145246,33.769978,F-200,1029,soy,1.8191683,106.94,4301.039
0.73641,Field-D,sprayer-y,215911,l_per_ha,2025-01-15 15:31:33,1716.0,64268,15.369163,F-200,1003,wheat,0.73641,17.16,4181.62
1.0221485,Field-B,sprayer-z,263996,l_per_ha,2025-03-22 16:52:48,6006.0,246937,48.737774,F-300,1023,soy,1.0221485,60.06,5066.645
,Field-D,sprayer-x,298024,l_per_ha,2025-03-11 13:32:41,22165.0,148078,57.834446,F-100,1025,soy,,221.65,2560.3772
2.5406873,Field-B,sprayer-x,280667,l_per_ha,2025-03-31 13:35:46,21836.0,111258,44.700996,F-100,1000,wheat,2.5406873,218.36,2488.9377
1.3938159,Field-B,sprayer-x,222552,l_per_ha,2025-03-18 23:51:42,14916.0,111570,55.4823,F-100,1017,wheat,1.3938159,149.16,2010.9116
1.9791014,Field-D,sprayer-x,289303,l_per_ha,2025-01-27 04:50:52,21409.0,147735,59.130188,F-100,1017,barley,1.9791014,214.09,2498.47
1.1269416,Field-C,sprayer-z,242168,l_per_ha,2025-01-23 21:12:32,4848.0,102382,24.362787,F-200,1010,soy,1.1269416,48.48,4202.3926
2.8240561,Field-A,sprayer-x,248891,l_per_ha,2025-01-23 08:42:17,21710.0,101751,40.102295,F-100,1020,corn,2.8240561,217.1,2537.2861
2.255354,Field-C,sprayer-x,255856,l_per_ha,2025-03-24 16:35:39,12736.0,86998,31.066301,F-100,1012,soy,2.255354,127.36,2800.3977
0.98178965,Field-B,sprayer-x,212028,l_per_ha,2025-02-10 21:37:40,1453.0,34050,10.1594305,F-200,1012,soy,0.98178965,14.53,3351.566
2.7841032,Field-D,sprayer-x,253925,l_per_ha,2025-03-29 03:26:40,14881.0,63618,27.68062,F-100,1024,soy,2.7841032,148.81,2298.2866
1.2122374,Field-C,sprayer-z,281682,l_per_ha,2025-02-24 07:23:48,7385.0,225425,53.154648,F-300,1018,barley,1.2122374,73.85,4240.9272
0.6328559,Field-B,sprayer-z,254850,l_per_ha,2025-03-23 20:22:23,1450.0,96317,20.622822,F-300,1011,wheat,0.6328559,14.5,4670.408
0.77018803,Field-C,sprayer-y,205628,l_per_ha,2025-01-08 03:36:09,2781.0,127700,26.053074,F-300,1024,corn,0.77018803,27.81,4901.5327
0.97719634,Field-A,sprayer-x,254926,l_per_ha,2025-02-02 12:55:04,9950.0,196022,58.89882,F-200,1027,soy,0.97719634,99.5,3328.1143
1.0435451,Field-C,sprayer-z,254963,l_per_ha,2025-03-15 04:25:27,2566.0,99096,21.57262,F-300,1011,wheat,1.0435451,25.66,4593.6006
1.235319,Field-B,sprayer-z,297935,l_per_ha,2025-01-14 08:43:39,6342.0,211539,47.360622,F-300,1023,soy,1.235319,63.42,4466.5586
2.362854,Field-A,sprayer-x,260264,l_per_ha,2025-01-29 15:44:31,10358.0,48032,23.52711,F-100,1009,wheat,2.362854,103.58,2041.5597
1.0174898,Field-C,sprayer-x,250822,l_per_ha,2025-02-19 08:03:12,6880.0,166359,38.349957,F-200,1008,wheat,1.0174898,68.8,4337.919
0.6324913,Field-A,sprayer-z,205548,l_per_ha,2025-03-13 22:18:04,2827.0,172806,41.216442,F-300,1013,wheat,0.6324913,28.27,4192.647
1.2927006,Field-B,sprayer-y,255859,l_per_ha,2025-01-11 04:00:33,10761.0,174221,50.627747,F-200,1029,wheat,1.2927006,107.61,3441.2158
0.79059905,Field-D,sprayer-z,216861,l_per_ha,2025-02-24 01:35:06,566.0,30885,6.344796,F-300,1017,corn,0.79059905,5.66,4867.7686
0.82468104,Field-D,sprayer-z,272473,l_per_ha,2025-01-27 16:19:00,1507.0,79093,17.108685,F-300,1011,barley,0.82468104,15.07,4622.974
1.1792183,Field-D,sprayer-y,216119,l_per_ha,2025-01-20 11:19:41,5931.0,239913,44.15548,F-300,1013,corn,1.1792183,59.31,5433.3687
2.0350678,Field-D,sprayer-x,290669,l_per_ha,2025-02-16 09:15:43,14943.0,58543,35.99378,F-100,1008,wheat,2.0350678,149.43,1626.4756
0.892218,Field-C,sprayer-z,230205,l_per_ha,2025-02-07 06:17:46,3222.0,131256,32.258278,F-300,1019,soy,0.892218,32.22,4068.909
0.64418167,Field-A,sprayer-y,243398,l_per_ha,2025-02-27 05:08:11,866.0,24912,8.036548,F-200,1010,corn,0.64418167,8.66,3099.8386
1.8672298,Field-D,sprayer-x,214491,l_per_ha,2025-01-29 14:05:34,8910.0,59603,24.155174,F-100,1016,soy,1.8672298,89.1,2467.5046
1.02616,Field-D,sprayer-z,292192,l_per_ha,2025-01-08 00:42:50,944.0,31552,6.699106,F-300,1009,soy,1.02616,9.44,4709.8823
0.86571,Field-C,sprayer-z,228368,l_per_ha,2025-03-19 13:39:34,2720.0,140209,26.803993,F-300,1029,wheat,0.86571,27.2,5230.9
0.7961816,Field-A,sprayer-x,251295,l_per_ha,2025-01-03 16:26:35,7639.0,235517,56.983154,F-200,1010,corn,0.7961816,76.39,4133.0986
1.8630041,Field-C,sprayer-x,298139,l_per_ha,2025-03-08 05:32:05,2951.0,13803,7.7984405,F-100,1002,barley,1.8630041,29.51,1769.9692
2.0258257,Field-B,sprayer-x,262357,l_per_ha,2025-02-01 04:23:38,19840.0,96085,46.233818,F-100,1011,wheat,2.0258257,198.4,2078.2407
0.9008615,Field-B,sprayer-z,235748,l_per_ha,2025-01-02 17:06:49,5331.0,226521,52.663486,F-300,1002,corn,0.9008615,53.31,4301.2915
0.8662315,Field-B,sprayer-z,238685,l_per_ha,2025-03-05 04:32:09,5185.0,215955,46.033737,F-300,1009,corn,0.8662315,51.85,4691.233
0.79169494,Field-D,sprayer-x,224117,l_per_ha,2025-03-01 07:46:43,2003.0,51968,16.875864,F-200,1015,barley,0.79169494,20.03,3079.4277
1.474914,Field-A,sprayer-x,237704,l_per_ha,2025-03-18 01:42:55,15015.0,121880,47.859848,F-100,1029,barley,1.474914,150.15,2546.6023
1.170034,Field-B,sprayer-y,229432,l_per_ha,2025-03-05 17:28:37,2822.0,100565,18.513485,F-300,1011,corn,1.170034,28.22,5431.9863
0.6546463,Field-B,sprayer-y,234364,l_per_ha,2025-03-08 11:20:01,484.0,32664,6.4950175,F-300,1006,soy,0.6546463,4.84,5029.086
,Field-D,sprayer-x,222873,l_per_ha,2025-03-16 08:03:09,24293.0,128728,57.71834,F-100,1023,corn,,242.93,2230.2788
1.1165239,Field-A,sprayer-z,245275,l_per_ha,2025-01-29 13:03:03,7702.0,150240,44.05093,F-200,1016,corn,1.1165239,77.02,3410.598
0.743642,Field-B,sprayer-z,294230,l_per_ha,2025-01-12 04:13:19,3183.0,161098,39.95582,F-300,1022,barley,0.743642,31.83,4031.9033
2.140427,Field-A,sprayer-x,250573,l_per_ha,2025-03-22 02:26:31,21370.0,116800,45.91971,F-100,1022,wheat,2.140427,213.7,2543.57
1.1697667,Field-A,sprayer-y,259755,l_per_ha,2025-01-14 07:33:01,5705.0,124901,34.238712,F-200,1015,barley,1.1697667,57.05,3647.947
2.1235034,Field-D,sprayer-x,298431,l_per_ha,2025-02-23 10:40:26,13737.0,80763,31.18736,F-100,1007,corn,2.1235034,137.37,2589.6067
2.0354974,Field-D,sprayer-x,261361,l_per_ha,2025-01-22 06:21:56,10965.0,72319,29.724274,F-100,1015,wheat,2.0354974,109.65,2432.9946
1.0577759,Field-A,sprayer-x,222332,l_per_ha,2025-01-12 08:13:00,7549.0,158470,40.224155,F-200,1024,wheat,1.0577759,75.49,3939.6724
2.0399091,Field-C,sprayer-y,239847,l_per_ha,2025-03-11 21:03:24,5210.0,55112,16.084423,F-200,1029,wheat,2.0399091,52.1,3426.4207
1.1598694,Field-A,sprayer-y,248797,l_per_ha,2025-01-13 22:25:56,8231.0,238341,53.843227,F-300,1027,soy,1.1598694,82.31,4426.573
1.1317738,Field-A,sprayer-y,247478,l_per_ha,2025-03-02 07:41:16,9233.0,220323,49.64638,F-200,1005,barley,1.1317738,92.33,4437.846
1.3640724,Field-B,sprayer-x,214951,l_per_ha,2025-03-04 09:05:10,6260.0,45489,24.225998,F-100,1017,barley,1.3640724,62.6,1877.6935
1.2909145,Field-A,sprayer-y,210583,l_per_ha,2025-01-06 10:05:32,7398.0,144010,36.823513,F-200,1003,soy,1.2909145,73.98,3910.8167
2.2230704,Field-B,sprayer-x,234999,l_per_ha,2025-01-16 13:33:32,5905.0,20082,12.756501,F-100,1020,corn,2.2230704,59.05,1574.2561
2.210181,Field-D,sprayer-x,291426,l_per_ha,2025-03-13 11:49:30,25041.0,159611,58.479042,F-100,1029,barley,2.210181,250.41,2729.3708
1.3379701,Field-C,sprayer-x,271731,l_per_ha,2025-02-15 15:45:08,12052.0,201898,54.6591,F-200,1001,soy,1.3379701,120.52,3693.7676
0.7109487,Field-C,sprayer-y,284171,l_per_ha,2025-01-11 22:07:12,4150.0,306244,55.70436,F-300,1019,soy,0.7109487,41.5,5497.6665
0.5680806,Field-A,sprayer-z,258135,l_per_ha,2025-01-01 08:39:23,1297.0,72903,16.647469,F-300,1011,barley,0.5680806,12.97,4379.224
0.83902645,Field-D,sprayer-z,235979,l_per_ha,2025-02-19 19:15:14,907.0,40633,8.921749,F-300,1027,soy,0.83902645,9.07,4554.376
1.633996,Field-D,sprayer-x,205157,l_per_ha,2025-03-31 09:03:45,19607.0,152424,59.44027,F-100,1017,wheat,1.633996,196.07,2564.3223
,Field-D,sprayer-x,285722,l_per_ha,2025-02-22 00:04:05,4396.0,18180,9.073173,F-100,1029,wheat,,43.96,2003.7092
0.84883535,Field-C,sprayer-z,293307,l_per_ha,2025-02-22 14:49:11,1318.0,56926,12.289814,F-300,1000,soy,0.84883535,13.18,4631.966
1.5162549,Field-C,sprayer-x,208084,l_per_ha,2025-02-04 22:27:28,16609.0,89790,50.499004,F-100,1018,corn,1.5162549,166.09,1778.0549
0.9563617,Field-C,sprayer-z,241360,l_per_ha,2025-01-12 10:07:31,3726.0,198010,36.91321,F-300,1001,wheat,0.9563617,37.26,5364.204
1.308631,Field-B,sprayer-x,251783,l_per_ha,2025-02-21 13:00:51,11300.0,102170,47.592945,F-100,1028,soy,1.308631,113.0,2146.7466
1.377332,Field-D,sprayer-x,298674,l_per_ha,2025-01-09 04:46:55,12113.0,174852,53.51963,F-200,1027,soy,1.377332,121.13,3267.063
0.5255689,Field-D,sprayer-y,241631,l_per_ha,2025-03-21 05:37:17,2846.0,178292,40.115715,F-300,1016,wheat,0.5255689,28.46,4444.443
1.3926659,Field-C,sprayer-y,274892,l_per_ha,2025-02-07 08:30:01,9794.0,53082,33.71688,F-100,1002,wheat,1.3926659,97.94,1574.345
1.4537228,Field-A,sprayer-y,293736,l_per_ha,2025-02-18 06:11:34,11838.0,89223,44.201233,F-100,1000,soy,1.4537228,118.38,2018.5636
2.2008746,Field-B,sprayer-x,229047,l_per_ha,2025-02-25 23:04:14,9824.0,65940,24.03351,F-100,1022,corn,2.2008746,98.24,2743.6692
1.7556587,Field-C,sprayer-x,281749,l_per_ha,2025-01-17 09:52:57,9873.0,53934,30.720884,F-100,1004,soy,1.7556587,98.73,1755.6135
0.91122866,Field-C,sprayer-z,241223,l_per_ha,2025-01-25 14:05:03,1646.0,59106,14.334276,F-300,1025,wheat,0.91122866,16.46,4123.4033
1.3922485,Field-D,sprayer-x,201752,l_per_ha,2025-03-06 22:40:56,13243.0,77963,48.811443,F-100,1007,soy,1.3922485,132.43,1597.2279
1.2007507,Field-B,sprayer-y,275886,l_per_ha,2025-01-05 13:07:21,5105.0,53732,19.338709,F-100,1014,barley,1.2007507,51.05,2778.469
3.2231588,Field-D,sprayer-x,234366,l_per_ha,2025-02-23 12:15:57,11193.0,44643,18.549374,F-100,1013,soy,3.2231588,111.93,2406.7122
2.676297,Field-B,sprayer-x,245093,l_per_ha,2025-01-12 21:10:54,27677.0,88583,51.313858,F-100,1013,wheat,2.676297,276.77,1726.2977
1.8779457,Field-B,sprayer-x,236435,l_per_ha,2025-01-27 12:40:16,8894.0,42802,23.161072,F-100,1000,wheat,1.8779457,88.94,1848.0146
2.1615417,Field-C,sprayer-x,211702,l_per_ha,2025-01-31 21:57:48,18714.0,94560,42.732742,F-100,1017,corn,2.1615417,187.14,2212.823
1.4665073,Field-D,sprayer-x,299482,l_per_ha,2025-03-01 17:25:17,12901.0,173482,52.10253,F-200,1023,barley,1.4665073,129.01,3329.6272
0.88312036,Field-C,sprayer-z,202261,l_per_ha,2025-03-29 21:41:29,1407.0,41082,9.275957,F-200,1028,barley,0.88312036,14.07,4428.869
1.2625948,Field-D,sprayer-y,255561,l_per_ha,2025-03-17 06:17:22,10473.0,177600,47.076344,F-200,1009,barley,1.2625948,104.73,3772.5955
2.0575905,Field-B,sprayer-x,201492,l_per_ha,2025-01-18 01:53:38,8342.0,44285,21.9216,F-100,1026,wheat,2.0575905,83.42,2020.1536
1.1879715,Field-B,sprayer-z,290084,l_per_ha,2025-01-05 16:07:48,8112.0,145301,42.88958,F-200,1029,barley,1.1879715,81.12,3387.7925
1.2077886,Field-D,sprayer-z,264346,l_per_ha,2025-02-23 14:44:30,11831.0,220225,55.038815,F-200,1011,soy,1.2077886,118.31,4001.267
0.95133746,Field-B,sprayer-z,260616,l_per_ha,2025-01-15 01:31:21,3513.0,72917,21.226057,F-200,1025,soy,0.95133746,35.13,3435.259
1.8802645,Field-C,sprayer-x,282792,l_per_ha,2025-01-21 19:33:57,14919.0,87436,36.28586,F-100,1016,wheat,1.8802645,149.19,2409.6438
1.4826396,Field-A,sprayer-x,297423,l_per_ha,2025-03-18 06:21:57,6568.0,39579,20.940876,F-100,1001,wheat,1.4826396,65.68,1890.0355
0.7663323,Field-D,sprayer-y,286182,l_per_ha,2025-03-20 15:35:56,3146.0,176499,35.485706,F-300,1008,soy,0.7663323,31.46,4973.805
2.3876145,Field-B,sprayer-x,223142,l_per_ha,2025-03-17 12:18:23,18370.0,91479,39.20241,F-100,1020,barley,2.3876145,183.7,2333.5044
0.95822465,Field-B,sprayer-y,256325,l_per_ha,2025-01-23 19:54:55,5720.0,131808,38.568447,F-200,1004,wheat,0.95822465,57.2,3417.5088
0.92758125,Field-C,sprayer-y,281880,l_per_ha,2025-02-25 18:31:07,6448.0,149533,39.29505,F-200,1013,barley,0.92758125,64.48,3805.3901
1.0203792,Field-B,sprayer-y,229455,l_per_ha,2025-02-24 23:15:48,1319.0,63879,12.429389,F-300,1023,corn,1.0203792,13.19,5139.3516
0.8240084,Field-D,sprayer-x,267519,l_per_ha,2025-01-17 16:08:03,5436.0,168134,43.144726,F-200,1004,wheat,0.8240084,54.36,3896.9768
2.7148938,Field-C,sprayer-y,202280,l_per_ha,2025-02-19 19:38:53,21928.0,98979,42.11127,F-100,1014,barley,2.7148938,219.28,2350.416
1.1332576,Field-C,sprayer-z,287733,l_per_ha,2025-02-17 06:33:15,5005.0,215863,42.542347,F-300,1006,barley,1.1332576,50.05,5074.0737
2.0854776,Field-A,sprayer-x,261440,l_per_ha,2025-02-05 15:43:10,3649.0,23278,9.07388,F-100,1016,barley,2.0854776,36.49,2565.3853
1.201556,Field-A,sprayer-z,274311,l_per_ha,2025-03-09 15:35:31,5356.0,114572,29.576136,F-200,1007,wheat,1.201556,53.56,3873.7988
1.2589184,Field-D,sprayer-z,221877,l_per_ha,2025-02-17 22:32:03,1796.0,37028,9.769132,F-200,1002,barley,1.2589184,17.96,3790.3062
,Field-D,sprayer-y,245053,l_per_ha,2025-03-07 07:39:44,5904.0,39677,17.230236,F-100,1028,barley,,59.04,2302.7544
0.86524755,Field-C,sprayer-z,285864,l_per_ha,2025-03-10 16:18:51,2551.0,138868,29.252945,F-300,1023,corn,0.86524755,25.51,4747.146
0.91121083,Field-C,sprayer-z,216470,l_per_ha,2025-02-21 00:35:08,6503.0,173932,45.859848,F-200,1025,soy,0.91121083,65.03,3792.686
2.0305073,Field-B,sprayer-x,282246,l_per_ha,2025-01-25 02:10:34,6966.0,27627,18.038414,F-100,1025,barley,2.0305073,69.66,1531.5648
1.4140382,Field-A,sprayer-y,257550,l_per_ha,2025-03-06 14:02:45,6945.0,152949,35.018906,F-200,1027,corn,1.4140382,69.45,4367.6123
1.6739627,Field-B,sprayer-x,250998,l_per_ha,2025-03-30 12:10:51,15750.0,87045,46.823193,F-100,1017,barley,1.6739627,157.5,1859.0146
1.9626187,Field-B,sprayer-x,268649,l_per_ha,2025-01-14 11:32:04,11553.0,47220,30.99058,F-100,1028,corn,1.9626187,115.53,1523.6888
1.1519121,Field-A,sprayer-y,283668,l_per_ha,2025-02-07 17:37:42,6672.0,131256,32.45568,F-200,1026,wheat,1.1519121,66.72,4044.161
0.91557133,Field-A,sprayer-z,217175,l_per_ha,2025-02-16 07:29:57,6620.0,234738,56.038383,F-300,1011,wheat,0.91557133,66.2,4188.879
1.1418756,Field-C,sprayer-y,242282,l_per_ha,2025-03-26 20:03:55,7768.0,52431,32.04969,F-100,1003,soy,1.1418756,77.68,1635.9283
0.97039336,Field-D,sprayer-y,261214,l_per_ha,2025-01-02 02:56:05,4736.0,139328,34.076164,F-200,1003,corn,0.97039336,47.36,4088.7231
1.4453135,Field-C,sprayer-x,275044,l_per_ha,2025-01-04 03:58:00,8855.0,121079,38.109833,F-200,1011,soy,1.4453135,88.55,3177.1064
1.6109381,Field-B,sprayer-x,275336,l_per_ha,2025-03-13 15:25:18,13813.0,115374,45.56333,F-100,1024,soy,1.6109381,138.13,2532.1677
1.1552942,Field-B,sprayer-z,233996,l_per_ha,2025-02-02 06:12:40,1344.0,38442,8.951769,F-300,1015,soy,1.1552942,13.44,4294.347
1.007165,Field-B,sprayer-x,293604,l_per_ha,2025-02-16 19:41:49,5644.0,118164,33.36281,F-200,1014,wheat,1.007165,56.44,3541.788
2.4873288,Field-A,sprayer-x,208316,l_per_ha,2025-02-08 12:30:01,14678.0,75244,31.487537,F-100,1007,wheat,2.4873288,146.78,2389.6438
0.90000457,Field-C,sprayer-z,211670,l_per_ha,2025-02-06 17:11:48,7381.0,168457,55.692673,F-200,1016,wheat,0.90000457,73.81,3024.7605
1.108707,Field-C,sprayer-x,202477,l_per_ha,2025-03-26 13:15:52,6233.0,125358,32.14286,F-200,1019,wheat,1.108707,62.33,3900.0261
0.9699544,Field-A,sprayer-z,292639,l_per_ha,2025-01-09 11:11:43,4148.0,124749,30.75763,F-300,1029,soy,0.9699544,41.48,4055.8718
0.95702475,Field-B,sprayer-z,260146,l_per_ha,2025-03-22 01:39:28,3794.0,140417,29.781706,F-300,1018,wheat,0.95702475,37.94,4714.8745
1.7983285,Field-A,sprayer-x,281295,l_per_ha,2025-03-01 04:00:34,4682.0,45602,14.948644,F-200,1027,wheat,1.7983285,46.82,3050.578
2.6690981,Field-C,sprayer-x,294884,l_per_ha,2025-01-15 09:37:47,4950.0,21144,10.235314,F-100,1028,soy,2.6690981,49.5,2065.789
2.2666261,Field-C,sprayer-y,205377,l_per_ha,2025-03-03 10:22:34,2457.0,9057,5.031247,F-100,1011,barley,2.2666261,24.57,1800.1501
0.8927213,Field-C,sprayer-y,240707,l_per_ha,2025-02-12 04:36:11,4028.0,121569,28.757011,F-200,1003,wheat,0.8927213,40.28,4227.456
2.0368283,Field-D,sprayer-y,250614,l_per_ha,2025-01-14 10:38:53,19188.0,120267,47.308342,F-100,1012,barley,2.0368283,191.88,2542.1943
0.79782456,Field-D,sprayer-y,269614,l_per_ha,2025-02-02 08:50:41,4203.0,239512,45.340652,F-300,1003,soy,0.79782456,42.03,5282.5
,Field-C,sprayer-x,262262,ml_per_m2,2025-03-28 12:56:49,3420.0,15559,6.7682,F-100,1003,corn,,34.2,2298.8386
0.9768668,Field-D,sprayer-y,255994,l_per_ha,2025-01-24 21:13:58,4843.0,157512,36.34906,F-300,1026,wheat,0.9768668,48.43,4333.317
,Field-B,sprayer-x,230683,l_per_ha,2025-01-17 01:26:03,6160.0,21925,13.485572,F-100,1023,corn,,61.6,1625.8116
0.9470602,Field-D,sprayer-y,210647,l_per_ha,2025-03-03 09:04:00,8482.0,220512,56.759197,F-200,1006,corn,0.9470602,84.82,3885.0444
1.5954504,Field-D,sprayer-x,243165,l_per_ha,2025-01-18 23:00:38,4726.0,40141,14.205075,F-100,1025,wheat,1.5954504,47.26,2825.821
1.1228046,Field-C,sprayer-x,225965,l_per_ha,2025-03-24 19:00:12,7184.0,138706,39.465157,F-200,1002,wheat,1.1228046,71.84,3514.6445
1.2102534,Field-D,sprayer-y,255429,l_per_ha,2025-03-19 07:24:10,4773.0,77704,22.94311,F-200,1008,barley,1.2102534,47.73,3386.812
2.6899161,Field-C,sprayer-y,279712,l_per_ha,2025-03-30 12:25:30,22920.0,105019,40.285873,F-100,1021,corn,2.6899161,229.2,2606.8442
1.686892,Field-C,sprayer-y,255254,l_per_ha,2025-03-24 03:10:43,7690.0,85330,27.674223,F-200,1009,barley,1.686892,76.9,3083.3748
0.9837596,Field-B,sprayer-y,258304,l_per_ha,2025-01-22 22:31:50,5966.0,246204,46.78037,F-300,1021,corn,0.9837596,59.66,5262.977
1.1324925,Field-D,sprayer-z,204186,l_per_ha,2025-01-20 02:14:18,2057.0,83511,17.687351,F-300,1026,corn,1.1324925,20.57,4721.5093
1.0199169,Field-C,sprayer-y,264464,l_per_ha,2025-01-31 20:06:04,5646.0,261410,54.81855,F-300,1001,soy,1.0199169,56.46,4768.641
2.0155675,Field-D,sprayer-x,243948,l_per_ha,2025-02-12 06:46:11,13285.0,58355,32.51153,F-100,1000,barley,2.0155675,132.85,1794.9016
1.6239818,Field-B,sprayer-x,212369,l_per_ha,2025-03-21 04:47:26,16272.0,101494,46.585125,F-100,1028,soy,1.6239818,162.72,2178.6785
1.0118037,Field-D,sprayer-x,221381,l_per_ha,2025-03-08 00:20:56,8701.0,159333,51.73516,F-200,1015,corn,1.0118037,87.01,3079.7817
1.0817449,Field-A,sprayer-y,278074,l_per_ha,2025-02-27 23:58:44,12484.0,128118,59.935574,F-100,1015,corn,1.0817449,124.84,2137.5952
2.7555683,Field-A,sprayer-x,291669,l_per_ha,2025-03-21 01:16:11,9848.0,47870,17.31701,F-100,1013,wheat,2.7555683,98.48,2764.3337
1.0735551,Field-C,sprayer-z,250772,l_per_ha,2025-02-28 03:07:00,2361.0,96631,20.779083,F-300,1013,wheat,1.0735551,23.61,4650.398
1.1315938,Field-C,sprayer-z,297657,l_per_ha,2025-02-04 02:45:13,2265.0,91784,18.773819,F-300,1020,barley,1.1315938,22.65,4888.936
2.922058,Field-D,sprayer-x,218003,l_per_ha,2025-02-07 04:04:54,12272.0,29778,19.457924,F-100,1017,wheat,2.922058,122.72,1530.3792
