operator_id,dosage_unit,farm_id,equipment,crop,log_id,area_ha,timestamp,dosage_value,yield_kg,spray_cost_cents,field_id_x,dosage_l_per_ha,spray_cost_usd,yield_kg_per_ha,weather_time,humidity,temperature_c,ingest_time,wind_speed_mps,field_id_y,price_usd_per_kg,cost_per_ha,baseline_yield_kg_per_ha,cost_per_spray,yield_delta,profit_margin,wind_waste_proxy
1023,l_per_ha,F-100,sprayer-x,soy,241833,8.572073,2025-01-03 06:01:21,1.2691447,39795,1469,Field-A,1.2691447,14.69,4642.401,2025-01-03 04:30:00,0.60077995,10.106464,2025-01-03 15:49:45,5.9375505,Field-A,0.35,450,3600,14.69,1042.4009,0.721995,7.5356107
1005,l_per_ha,F-300,sprayer-z,wheat,208502,23.685476,2025-01-03 15:10:31,1.0396714,72406,3797,Field-A,1.0396714,37.97,3056.9788,2025-01-03 14:00:00,0.9276684,14.296895,2025-01-03 16:05:35,8.775212,Field-A,0.24,480,7000,37.97,-3943.0212,0.34357423,9.123338
1003,l_per_ha,F-200,sprayer-z,corn,228592,55.912766,2025-01-04 05:25:13,1.0438757,123315,10473,Field-A,1.0438757,104.73,2205.4893,2025-01-04 03:30:00,0.7220021,29.38855,2025-01-04 07:06:57,2.8735473,Field-A,0.28,520,8200,104.73,-5994.5107,0.15491198,2.9996262
1002,l_per_ha,F-200,sprayer-y,barley,236410,13.446888,2025-01-05 14:04:28,1.4156824,48336,2915,Field-A,1.4156824,29.15,3594.5864,2025-01-05 14:00:00,0.3687409,15.397262,2025-01-05 18:09:45,6.299873,Field-A,0.22,470,6200,29.15,-2605.4136,0.4029307,8.918619
1019,l_per_ha,F-300,sprayer-x,corn,254489,33.04067,2025-01-06 10:44:29,1.2353278,114939,7180,Field-A,1.2353278,71.8,3478.7126,2025-01-06 10:30:00,0.70353836,16.958149,2025-01-06 20:30:59,3.3733687,Field-A,0.28,520,8200,71.8,-4721.287,0.46390978,4.1672163
1001,l_per_ha,F-200,sprayer-y,soy,231712,34.116524,2025-01-07 11:38:51,0.5373901,73233,3068,Field-A,0.5373901,30.68,2146.5552,,,,,,,0.35,450,3600,30.68,-1453.4448,0.3998367,
1027,l_per_ha,F-300,sprayer-y,corn,267645,59.302193,2025-01-10 23:57:47,1.4588923,199484,14318,Field-A,1.4588923,143.18,3363.8552,,,,,,,0.28,520,8200,143.18,-4836.1445,0.44534895,
1016,l_per_ha,F-100,sprayer-x,wheat,293923,56.038383,2025-01-11 07:26:06,0.2,217086,1494,Field-A,0.2,14.94,3873.8804,2025-01-11 06:30:00,0.9262269,14.531694,2025-01-11 10:11:52,7.88373,Field-A,0.24,480,7000,14.94,-3126.1196,0.48343503,1.576746
1023,l_per_ha,F-300,sprayer-x,soy,277572,20.779083,2025-01-13 02:13:57,1.6790746,76783,5639,Field-A,1.6790746,56.39,3695.2065,2025-01-13 01:30:00,0.56421375,5.775381,2025-01-13 02:23:04,2.977162,Field-A,0.35,450,3600,56.39,95.20654,0.6499606,4.998877
1024,ml_per_m2,F-200,sprayer-y,wheat,236514,50.342854,2025-01-13 13:41:02,,208726,8643,Field-A,,86.43,4146.09,,,,,,,0.24,480,7000,86.43,-2853.9102,0.5158924,
1016,l_per_ha,F-100,sprayer-x,wheat,216274,49.796062,2025-01-14 13:27:13,0.98904824,191508,8011,Field-A,0.98904824,80.11,3845.8462,,,,,,,0.24,480,7000,80.11,-3154.1538,0.47821543,
1011,l_per_ha,F-300,sprayer-z,soy,249347,26.563301,2025-01-14 19:48:13,1.0418172,76536,4341,Field-A,1.0418172,43.41,2881.2683,,,,,,,0.35,450,3600,43.41,-718.7317,0.5521474,
1024,l_per_ha,F-100,sprayer-x,corn,266621,12.000191,2025-01-16 13:40:04,1.2694334,55986,2175,Field-A,1.2694334,21.75,4665.426,2025-01-16 13:30:00,0.57918787,24.888916,2025-01-16 17:13:22,7.888768,Field-A,0.28,520,8200,21.75,-3534.5742,0.6005475,10.014266
1005,l_per_ha,F-300,sprayer-z,barley,221779,12.056129,2025-01-16 23:24:51,1.3478012,39964,2429,Field-A,1.3478012,24.29,3314.8284,,,,,,,0.22,470,6200,24.29,-2885.1716,0.35275027,
1013,l_per_ha,F-300,sprayer-y,soy,279453,14.205075,2025-01-17 19:15:08,1.0928583,45294,2169,Field-A,1.0928583,21.69,3188.5786,2025-01-17 19:00:00,0.69319755,18.658392,2025-01-18 02:39:41,4.608425,Field-A,0.35,450,3600,21.69,-411.4214,0.59540683,5.0363555
1025,l_per_ha,F-100,sprayer-z,barley,273715,8.951769,2025-01-17 21:12:08,1.6323366,25490,2074,Field-A,1.6323366,20.74,2847.482,2025-01-17 20:30:00,0.5473692,15.520812,2025-01-18 05:17:37,4.828136,Field-A,0.22,470,6200,20.74,-3352.518,0.24603748,7.881143
1026,l_per_ha,F-100,sprayer-y,wheat,297325,29.267252,2025-01-18 05:51:45,1.0676862,89201,5112,Field-A,1.0676862,51.12,3047.8093,,,,,,,0.24,480,7000,51.12,-3952.1907,0.34140313,
1028,l_per_ha,F-300,sprayer-y,soy,264156,47.076344,2025-01-22 00:41:27,0.9828185,132955,5625,Field-A,0.9828185,56.25,2824.2424,2025-01-22 00:30:00,0.58347446,20.433613,2025-01-22 00:49:23,3.9944098,Field-A,0.35,450,3600,56.25,-775.75757,0.543549,3.9257798
1009,l_per_ha,F-200,sprayer-x,wheat,266011,29.576136,2025-01-22 09:20:31,1.2483718,96973,6064,Field-A,1.2483718,60.64,3278.7583,,,,,,,0.24,480,7000,60.64,-3721.2417,0.38740745,
1024,l_per_ha,F-300,sprayer-y,soy,254306,6.19479,2025-01-22 17:21:49,1.2525284,21702,1237,Field-A,1.2525284,12.37,3503.2664,2025-01-22 16:00:00,0.525832,15.471001,2025-01-24 03:32:16,3.613338,Field-A,0.35,450,3600,12.37,-96.73364,0.631367,4.5258083
1003,l_per_ha,F-200,sprayer-y,barley,294605,49.54674,2025-01-25 04:45:53,1.2188134,242517,10511,Field-A,1.2188134,105.11,4894.7114,,,,,,,0.22,470,6200,105.11,-1305.2886,0.5615663,
1028,l_per_ha,F-300,sprayer-z,corn,250315,31.312271,2025-01-26 06:07:14,1.2108666,84317,5955,Field-A,1.2108666,59.55,2692.778,,,,,,,0.28,520,8200,59.55,-5507.2217,0.3078022,
1010,l_per_ha,F-100,sprayer-x,barley,233660,54.117886,2025-01-26 11:48:48,2.0861666,215673,13936,Field-A,2.0861666,139.36,3985.2444,,,,,,,0.22,470,6200,139.36,-2214.7556,0.46099448,
1026,l_per_ha,F-100,sprayer-z,wheat,272859,28.757011,2025-01-27 16:08:31,1.6209453,120533,7818,Field-A,1.6209453,78.18,4191.43,2025-01-27 15:30:00,0.6050598,16.485672,2025-01-27 21:01:40,5.0331545,Field-A,0.24,480,7000,78.18,-2808.5698,0.5201333,8.158468
1025,l_per_ha,F-100,sprayer-z,soy,274618,51.683567,2025-01-27 23:20:33,1.3133966,177548,8691,Field-A,1.3133966,86.91,3435.2893,,,,,,,0.35,450,3600,86.91,-164.7107,0.6243348,
1014,l_per_ha,F-300,sprayer-y,corn,206521,17.076878,2025-01-28 04:28:28,0.66723025,53000,1845,Field-A,0.66723025,18.45,3103.6118,2025-01-28 03:30:00,0.65341854,8.827572,2025-01-28 07:35:19,1.5097106,Field-A,0.28,520,8200,18.45,-5096.388,0.40037557,1.0073246
1004,l_per_ha,F-300,sprayer-y,corn,285016,17.532728,2025-01-28 12:58:54,0.86056983,45599,2397,Field-A,0.86056983,23.97,2600.7932,2025-01-28 12:30:00,0.73362845,18.498066,2025-01-28 18:26:15,4.1028905,Field-A,0.28,520,8200,23.97,-5599.207,0.2840547,3.5308237
1003,l_per_ha,F-200,sprayer-x,barley,234787,32.14286,2025-01-31 18:33:43,1.3604957,140992,6014,Field-A,1.3604957,60.14,4386.417,,,,,,,0.22,470,6200,60.14,-1813.583,0.5110204,
1029,l_per_ha,F-200,sprayer-z,corn,208644,29.189497,2025-01-31 21:30:42,0.423184,121181,1694,Field-A,0.423184,16.94,4151.5273,,,,,,,0.28,520,8200,16.94,-4048.4727,0.5521611,
1017,l_per_ha,F-100,sprayer-y,wheat,288866,17.31701,2025-01-31 23:11:01,1.2977345,51841,3142,Field-A,1.2977345,31.42,2993.6458,2025-01-31 23:00:00,0.85949385,18.662687,2025-02-01 01:36:31,3.8258696,Field-A,0.24,480,7000,31.42,-4006.3542,0.32939294,4.964963
1025,l_per_ha,F-100,sprayer-z,barley,276350,59.465294,2025-02-01 13:52:32,1.3417438,155076,9748,Field-A,1.3417438,97.48,2607.8403,,,,,,,0.22,470,6200,97.48,-3592.1597,0.17793472,
1011,l_per_ha,F-200,sprayer-z,soy,298965,14.699556,2025-02-03 12:05:05,1.0142124,44832,2369,Field-A,1.0142124,23.69,3049.888,,,,,,,0.35,450,3600,23.69,-550.11206,0.57692915,
1020,l_per_ha,F-200,sprayer-z,barley,245433,26.955742,2025-02-04 13:54:38,1.2695025,64145,4493,Field-A,1.2695025,44.93,2379.6414,2025-02-04 13:30:00,0.7028157,9.373555,2025-02-04 18:01:36,5.2265325,Field-A,0.22,470,6200,44.93,-3820.3586,0.09904913,6.635096
1012,l_per_ha,F-100,sprayer-y,wheat,267574,30.351227,2025-02-04 21:44:17,1.2051381,89979,6296,Field-A,1.2051381,62.96,2964.5918,,,,,,,0.24,480,7000,62.96,-4035.4082,0.32245532,
1022,l_per_ha,F-300,sprayer-x,corn,240773,19.338709,2025-02-05 09:49:22,1.1684327,57583,3688,Field-A,1.1684327,36.88,2977.6033,2025-02-05 09:30:00,0.47754562,13.629463,2025-02-05 14:05:43,3.5096009,Field-A,0.28,520,8200,36.88,-5222.3965,0.37400872,4.1007323
1002,l_per_ha,F-200,sprayer-y,barley,291839,16.084423,2025-02-07 01:00:14,1.0403453,79832,2087,Field-A,1.0403453,20.87,4963.311,2025-02-07 00:00:00,0.5624734,28.896927,2025-02-07 04:34:38,2.3809202,Field-A,0.22,470,6200,20.87,-1236.689,0.5683806,2.4769793
1028,l_per_ha,F-300,sprayer-z,corn,241366,24.844582,2025-02-07 08:51:13,1.167961,90755,3651,Field-A,1.167961,36.51,3652.9092,2025-02-07 07:30:00,0.6359145,20.750008,2025-02-07 07:32:14,3.8507414,Field-A,0.28,520,8200,36.51,-4547.091,0.4901622,4.4975157
1006,l_per_ha,F-200,sprayer-y,barley,242789,59.177567,2025-02-07 20:01:28,1.2593158,244827,13067,Field-A,1.2593158,130.67,4137.1587,2025-02-07 19:30:00,0.42472956,16.289377,2025-02-08 00:11:17,4.857052,Field-A,0.22,470,6200,130.67,-2062.8413,0.4811897,6.1165624
1023,l_per_ha,F-200,sprayer-y,wheat,229232,31.126234,2025-02-08 10:38:09,1.4470894,144293,6314,Field-A,1.4470894,63.14,4635.736,2025-02-08 09:30:00,0.82395077,13.300217,2025-02-08 17:25:35,4.03929,Field-A,0.24,480,7000,63.14,-2364.2642,0.5667457,5.845214
1029,l_per_ha,F-300,sprayer-z,corn,221502,19.01006,2025-02-08 18:40:04,0.8334495,89380,2818,Field-A,0.8334495,28.18,4701.721,2025-02-08 18:00:00,0.69911253,23.090229,2025-02-08 22:56:34,3.3516347,Field-A,0.28,520,8200,28.18,-3498.2788,0.60388184,2.7934182
1024,l_per_ha,F-200,sprayer-x,soy,250088,59.20916,2025-02-10 11:22:24,,280959,17457,Field-A,,174.57,4745.195,2025-02-10 09:30:00,0.5091475,23.424316,2025-02-10 12:42:47,6.470835,Field-A,0.35,450,3600,174.57,1145.1948,0.72727394,
1027,l_per_ha,F-200,sprayer-x,wheat,202427,30.75763,2025-02-10 11:40:20,1.3270532,87726,6173,Field-A,1.3270532,61.73,2852.1704,,,,,,,0.24,480,7000,61.73,-4147.8296,0.29584768,
1023,l_per_ha,F-300,sprayer-z,corn,239691,10.976141,2025-02-12 00:07:45,1.032671,45535,1891,Field-A,1.032671,18.91,4148.544,,,,,,,0.28,520,8200,18.91,-4051.456,0.5508555,
1014,l_per_ha,F-300,sprayer-y,barley,291596,30.515726,2025-02-14 03:30:22,1.5596534,67423,7852,Field-A,1.5596534,78.52,2209.451,,,,,,,0.22,470,6200,78.52,-3990.549,0.02778581,
1028,l_per_ha,F-100,sprayer-z,barley,267790,7.1254373,2025-02-14 09:30:22,1.2197739,28429,1402,Field-A,1.2197739,14.02,3989.7903,2025-02-14 09:00:00,0.36312285,16.670992,2025-02-14 19:06:08,1.1269503,Field-A,0.22,470,6200,14.02,-2210.2097,0.46230075,1.3746245
1018,l_per_ha,F-300,sprayer-x,wheat,273334,30.284021,2025-02-15 07:50:49,1.1051872,115938,5920,Field-A,1.1051872,59.2,3828.3557,2025-02-15 07:30:00,0.5474923,14.431378,2025-02-15 14:53:47,2.98398,Field-A,0.24,480,7000,59.2,-3171.6443,0.47545493,3.2978563
1021,l_per_ha,F-300,sprayer-x,barley,250647,10.1594305,2025-02-16 08:34:13,0.86961627,45759,1456,Field-A,0.86961627,14.56,4504.0913,,,,,,,0.22,470,6200,14.56,-1695.9087,0.52423745,
1003,l_per_ha,F-100,sprayer-y,soy,255788,45.98621,2025-02-16 19:47:39,0.94296426,167090,6052,Field-A,0.94296426,60.52,3633.4805,2025-02-16 19:00:00,0.7839033,19.452068,2025-02-17 06:53:39,5.2450004,Field-A,0.35,450,3600,60.52,33.48047,0.64511317,4.945848
1011,l_per_ha,F-100,sprayer-y,barley,272410,51.013718,2025-02-17 06:11:26,1.2718937,163560,10352,Field-A,1.2718937,103.52,3206.1965,2025-02-17 05:00:00,0.3404112,9.9713955,2025-02-17 12:37:53,6.462241,Field-A,0.22,470,6200,103.52,-2993.8035,0.33079976,8.219284
1014,l_per_ha,F-200,sprayer-z,soy,298659,16.60139,2025-02-17 19:50:52,1.2752843,48179,3443,Field-A,1.2752843,34.43,2902.1062,,,,,,,0.35,450,3600,34.43,-697.8938,0.5549302,
1010,l_per_ha,F-100,sprayer-x,soy,220082,54.6591,2025-02-18 15:17:24,1.8224124,164474,16516,Field-A,1.8224124,165.16,3009.0874,,,,,,,0.35,450,3600,165.16,-590.9126,0.5698538,
1003,l_per_ha,F-200,sprayer-y,wheat,234196,34.076164,2025-02-19 11:16:36,1.8601662,131756,8652,Field-A,1.8601662,86.52,3866.515,,,,,,,0.24,480,7000,86.52,-3133.485,0.48000222,
1019,l_per_ha,F-300,sprayer-z,wheat,227423,19.74468,2025-02-20 00:53:38,0.85220575,87282,2877,Field-A,0.85220575,28.77,4420.532,2025-02-19 23:30:00,0.58414924,27.86267,2025-02-20 04:26:19,4.022346,Field-A,0.24,480,7000,28.77,-2579.4678,0.54619235,3.4278665
1027,l_per_ha,F-100,sprayer-z,soy,243977,11.997428,2025-02-20 10:36:50,1.133475,46194,2388,Field-A,1.133475,23.88,3850.3252,2025-02-20 10:00:00,0.56743,12.717527,2025-02-20 11:27:34,5.965435,Field-A,0.35,450,3600,23.88,250.3252,0.6645994,6.761671
1013,l_per_ha,F-300,sprayer-z,soy,233868,13.906786,2025-02-22 11:06:04,1.1092768,51740,2410,Field-A,1.1092768,24.1,3720.4856,2025-02-22 10:30:00,0.6125467,22.574104,2025-02-22 17:09:35,5.0442553,Field-A,0.35,450,3600,24.1,120.485596,0.6530922,5.595475
1026,l_per_ha,F-300,sprayer-y,wheat,287463,30.99058,2025-02-23 03:05:30,1.4209461,87398,6358,Field-A,1.4209461,63.58,2820.1475,,,,,,,0.24,480,7000,63.58,-4179.8525,0.2877861,
1003,l_per_ha,F-300,sprayer-x,barley,221535,44.700996,2025-02-25 19:58:21,1.278504,148503,7233,Field-A,1.278504,72.33,3322.1406,2025-02-25 19:30:00,0.49374682,21.004915,2025-02-25 23:49:08,4.602234,Field-A,0.22,470,6200,72.33,-2877.8594,0.35471764,5.8839746
1025,l_per_ha,F-200,sprayer-y,barley,240851,9.275957,2025-02-25 23:17:57,1.372304,30110,1893,Field-A,1.372304,18.93,3246.0264,,,,,,,0.22,470,6200,18.93,-2953.9736,0.33899492,
1006,l_per_ha,F-300,sprayer-x,barley,229693,50.806038,2025-02-27 02:36:25,0.36581394,104514,2737,Field-A,0.36581394,27.37,2057.1177,2025-02-27 02:30:00,0.2814009,16.856735,2025-02-27 09:41:46,6.1061554,Field-A,0.22,470,6200,27.37,-4142.8823,-0.0397132,2.2337167
1013,l_per_ha,F-200,sprayer-y,barley,217172,52.663486,2025-02-27 07:56:18,1.392144,186312,10117,Field-A,1.392144,101.17,3537.7832,2025-02-27 07:30:00,0.36512744,21.329344,2025-02-27 07:36:48,3.9000292,Field-A,0.22,470,6200,101.17,-2662.2168,0.39366105,5.429402
1018,l_per_ha,F-200,sprayer-z,soy,225037,5.8693056,2025-02-27 16:19:10,1.2454754,26017,1025,Field-A,1.2454754,10.25,4432.722,,,,,,,0.35,450,3600,10.25,832.72217,0.7088237,
1002,l_per_ha,F-200,sprayer-y,barley,292153,31.066301,2025-02-28 13:54:28,0.9396487,132584,4536,Field-A,0.9396487,45.36,4267.7754,2025-02-28 13:00:00,0.7248173,21.316656,2025-02-28 23:26:31,4.9605503,Field-A,0.22,470,6200,45.36,-1932.2246,0.49786478,4.661175
1021,l_per_ha,F-300,sprayer-z,soy,263833,38.18733,2025-02-28 18:18:42,0.61903924,100199,3799,Field-A,0.61903924,37.99,2623.8809,,,,,,,0.35,450,3600,37.99,-976.11914,0.5089119,
1011,l_per_ha,F-100,sprayer-y,soy,232596,35.99378,2025-02-28 20:51:40,1.4110523,133888,7674,Field-A,1.4110523,76.74,3719.754,2025-02-28 20:30:00,0.5253492,10.375665,2025-02-28 22:57:08,5.153956,Field-A,0.35,450,3600,76.74,119.75391,0.65271735,7.2725015
1016,l_per_ha,F-200,sprayer-z,wheat,234326,24.781647,2025-03-02 17:07:49,1.2149209,87083,5391,Field-A,1.2149209,53.91,3514.012,2025-03-02 16:00:00,0.6025148,21.118618,2025-03-02 17:17:27,5.216742,Field-A,0.24,480,7000,53.91,-3485.988,0.42827052,6.337929
1010,l_per_ha,F-300,sprayer-y,wheat,268327,38.74341,2025-03-03 21:21:23,1.1901709,166197,5578,Field-A,1.1901709,55.78,4289.6846,,,,,,,0.24,480,7000,55.78,-2710.3154,0.5323668,
1011,l_per_ha,F-300,sprayer-z,soy,239995,40.285873,2025-03-05 01:54:10,0.23306358,177642,1442,Field-A,0.23306358,14.42,4409.5356,,,,,,,0.35,450,3600,14.42,809.53564,0.70819217,
1012,l_per_ha,F-300,sprayer-z,barley,200163,54.973454,2025-03-05 11:40:39,1.4036477,160651,13036,Field-A,1.4036477,130.36,2922.338,,,,,,,0.22,470,6200,130.36,-3277.662,0.26526546,
1020,l_per_ha,F-300,sprayer-x,corn,278891,46.823193,2025-03-05 20:49:22,0.81834346,170481,6545,Field-A,0.81834346,65.45,3640.9521,2025-03-05 20:30:00,0.54596514,20.623705,2025-03-05 20:41:11,4.298036,Field-A,0.28,520,8200,65.45,-4559.048,0.4885582,3.5172698
1023,l_per_ha,F-200,sprayer-z,barley,228550,57.920998,2025-03-06 14:06:02,1.4441209,234320,11744,Field-A,1.4441209,117.44,4045.5103,2025-03-06 14:00:00,0.80000335,25.945766,2025-03-06 15:48:43,3.0652828,Field-A,0.22,470,6200,117.44,-2154.4897,0.46963924,4.426639
1019,l_per_ha,F-100,sprayer-y,corn,268035,59.67428,2025-03-07 02:12:18,1.1084534,239762,8449,Field-A,1.1084534,84.49,4017.845,2025-03-07 01:30:00,0.47495806,12.449303,2025-03-07 06:55:43,1.6414657,Field-A,0.28,520,8200,84.49,-4182.1553,0.5365178,1.8194882
1027,l_per_ha,F-100,sprayer-x,barley,241885,35.263184,2025-03-07 18:28:49,,128078,5763,Field-A,,57.63,3632.06,2025-03-07 17:30:00,0.44945788,16.754122,2025-03-07 17:33:04,3.5301611,Field-A,0.22,470,6200,57.63,-2567.94,0.40975863,
1029,l_per_ha,F-100,sprayer-z,corn,214143,31.461771,2025-03-08 20:12:57,1.3367537,94059,6938,Field-A,1.3367537,69.38,2989.6284,2025-03-08 19:00:00,0.76425445,22.096893,2025-03-09 00:04:50,4.392319,Field-A,0.28,520,8200,69.38,-5210.3716,0.37617043,5.871449
1023,l_per_ha,F-200,sprayer-x,corn,244904,38.568447,2025-03-10 08:50:17,0.7861423,169584,3768,Field-A,0.7861423,37.68,4396.9624,,,,,,,0.28,520,8200,37.68,-3803.0376,0.576837,
1025,l_per_ha,F-300,sprayer-y,corn,263859,40.102295,2025-03-10 12:41:39,1.4371197,199449,9649,Field-A,1.4371197,96.49,4973.506,,,,,,,0.28,520,8200,96.49,-3226.4941,0.624865,
1027,l_per_ha,F-300,sprayer-x,corn,215567,29.606602,2025-03-11 15:14:12,0.7495824,144755,3499,Field-A,0.7495824,34.99,4889.2812,,,,,,,0.28,520,8200,34.99,-3310.7188,0.619297,
1006,l_per_ha,F-100,sprayer-x,corn,200521,47.308342,2025-03-11 18:37:15,1.0506883,194933,7723,Field-A,1.0506883,77.23,4120.4785,,,,,,,0.28,520,8200,77.23,-4079.5215,0.5478746,
1027,l_per_ha,F-300,sprayer-y,barley,224840,38.81052,2025-03-13 02:44:07,1.6748672,94284,11570,Field-A,1.6748672,115.7,2429.3413,2025-03-13 01:30:00,0.68178403,5.092758,2025-03-13 09:01:11,4.941969,Field-A,0.22,470,6200,115.7,-3770.6587,0.11502171,8.277142
1025,l_per_ha,F-200,sprayer-z,barley,245476,13.444235,2025-03-14 01:52:57,0.8841227,27666,1839,Field-A,0.8841227,18.39,2057.8337,2025-03-14 01:00:00,0.4632115,16.678242,2025-03-14 09:20:00,3.114837,Field-A,0.22,470,6200,18.39,-4142.166,-0.04118285,2.7538981
1003,l_per_ha,F-200,sprayer-y,wheat,228323,57.834446,2025-03-14 05:58:02,0.8235497,231810,5894,Field-A,0.8235497,58.94,4008.165,2025-03-14 04:30:00,0.6488576,23.567032,2025-03-14 10:53:42,5.3086667,Field-A,0.24,480,7000,58.94,-2991.835,0.49995914,4.3719506
1016,l_per_ha,F-300,sprayer-z,corn,245308,14.948644,2025-03-14 16:03:08,1.5398523,59111,2979,Field-A,1.5398523,29.79,3954.2717,,,,,,,0.28,520,8200,29.79,-4245.7285,0.52854526,
1020,l_per_ha,F-100,sprayer-z,soy,254343,41.95198,2025-03-14 17:55:43,0.84141487,118770,5826,Field-A,0.84141487,58.26,2831.094,2025-03-14 17:30:00,0.8025477,23.006712,2025-03-14 18:42:32,3.6568897,Field-A,0.35,450,3600,58.26,-768.906,0.54445803,3.0769613
1017,l_per_ha,F-200,sprayer-x,wheat,236578,41.216442,2025-03-14 19:54:47,0.7741887,113089,4202,Field-A,0.7741887,42.02,2743.7837,,,,,,,0.24,480,7000,42.02,-4256.2163,0.26953137,
1014,l_per_ha,F-200,sprayer-y,soy,204866,29.653234,2025-03-16 10:41:40,1.2307537,69335,6391,Field-A,1.2307537,63.91,2338.1934,2025-03-16 10:30:00,0.8810189,17.111732,2025-03-16 16:23:38,3.1007457,Field-A,0.35,450,3600,63.91,-1261.8066,0.4474913,3.8162541
1017,l_per_ha,F-300,sprayer-x,soy,299014,53.010162,2025-03-17 06:25:02,1.2398119,230164,10042,Field-A,1.2398119,100.42,4341.885,,,,,,,0.35,450,3600,100.42,741.88477,0.70263445,
1015,l_per_ha,F-300,sprayer-z,wheat,221185,57.211143,2025-03-17 20:45:57,1.3742731,136972,10356,Field-A,1.3742731,103.56,2394.149,2025-03-17 20:30:00,0.695941,9.493389,2025-03-18 01:29:42,3.7589688,Field-A,0.24,480,7000,103.56,-4605.851,0.16147977,5.1658497
1017,l_per_ha,F-200,sprayer-x,barley,298126,46.08917,2025-03-17 22:09:03,1.3425424,173614,10103,Field-A,1.3425424,101.03,3766.9153,2025-03-17 20:30:00,0.695941,9.493389,2025-03-18 01:29:42,3.7589688,Field-A,0.22,470,6200,101.03,-2433.0847,0.43021613,5.046575
1004,l_per_ha,F-200,sprayer-y,corn,264353,48.05979,2025-03-18 07:37:43,1.2376369,184085,9535,Field-A,1.2376369,95.35,3830.333,2025-03-18 07:00:00,0.5862722,18.248787,2025-03-18 09:24:58,6.305601,Field-A,0.28,520,8200,95.35,-4369.667,0.5132986,7.8040447
1015,l_per_ha,F-300,sprayer-x,soy,218632,36.995003,2025-03-18 21:57:57,0.4347453,164876,2027,Field-A,0.4347453,20.27,4456.71,2025-03-18 21:30:00,0.5843259,19.615396,2025-03-19 01:48:17,3.4006393,Field-A,0.35,450,3600,20.27,856.70996,0.7111592,1.478412
1029,l_per_ha,F-300,sprayer-z,corn,202963,18.241419,2025-03-19 02:08:37,1.3063431,83621,4127,Field-A,1.3063431,41.27,4584.128,2025-03-19 02:00:00,0.6044484,18.320347,2025-03-19 07:40:19,7.108134,Field-A,0.28,520,8200,41.27,-3615.872,0.59311277,9.285662
1006,l_per_ha,F-100,sprayer-y,corn,261143,53.555405,2025-03-20 04:00:15,1.2760456,110056,8464,Field-A,1.2760456,84.64,2054.9932,,,,,,,0.28,520,8200,84.64,-6145.007,0.093531124,
1028,l_per_ha,F-100,sprayer-z,corn,207016,8.948843,2025-03-20 16:31:08,1.0767072,31636,1514,Field-A,1.0767072,15.14,3535.2056,2025-03-20 16:30:00,0.5453265,23.869041,2025-03-20 18:24:16,3.3732967,Field-A,0.28,520,8200,15.14,-4664.7944,0.4729627,3.6320531
1004,l_per_ha,F-300,sprayer-z,corn,206390,51.77865,2025-03-22 04:17:11,1.1339948,165702,7434,Field-A,1.1339948,74.34,3200.1995,,,,,,,0.28,520,8200,74.34,-4999.801,0.41807675,
1001,l_per_ha,F-100,sprayer-y,barley,261189,46.20458,2025-03-22 17:30:47,1.5673245,163825,12922,Field-A,1.5673245,129.22,3545.6443,2025-03-22 17:30:00,0.61214,10.697738,2025-03-22 21:20:02,4.2027845,Field-A,0.22,470,6200,129.22,-2654.3557,0.39388284,6.587127
1008,l_per_ha,F-100,sprayer-z,corn,243785,23.161072,2025-03-23 16:53:08,0.91790223,92124,3783,Field-A,0.91790223,37.83,3977.5361,2025-03-23 16:30:00,0.5374448,15.562595,2025-03-23 21:40:25,5.1862125,Field-A,0.28,520,8200,37.83,-4222.464,0.53162557,4.760436
1002,l_per_ha,F-200,sprayer-y,corn,247849,46.585125,2025-03-24 09:02:43,1.6518601,187378,11935,Field-A,1.6518601,119.35,4022.2712,2025-03-24 09:00:00,0.64093995,12.984162,2025-03-24 12:22:54,5.1531267,Field-A,0.28,520,8200,119.35,-4177.7285,0.5360102,8.512244
1028,l_per_ha,F-100,sprayer-z,soy,232182,52.708294,2025-03-24 13:26:57,1.1901938,149237,7544,Field-A,1.1901938,75.44,2831.376,2025-03-24 12:30:00,0.5673649,9.58192,2025-03-25 00:28:55,4.959659,Field-A,0.35,450,3600,75.44,-768.624,0.5444605,5.9029555
1011,l_per_ha,F-300,sprayer-z,wheat,299749,53.944447,2025-03-24 19:59:24,1.4578928,155191,13774,Field-A,1.4578928,137.74,2876.8672,2025-03-24 18:00:00,0.8018724,25.146343,2025-03-24 19:28:10,1.3663532,Field-A,0.24,480,7000,137.74,-4123.133,0.30110124,1.9919964
1024,l_per_ha,F-300,sprayer-z,barley,234499,9.46347,2025-03-25 07:24:10,0.92350477,29640,1524,Field-A,0.92350477,15.24,3132.0435,,,,,,,0.22,470,6200,15.24,-3067.9565,0.3155639,
1006,l_per_ha,F-100,sprayer-x,wheat,211089,39.70016,2025-03-25 20:10:46,1.4027487,179406,6795,Field-A,1.4027487,67.95,4519.0244,2025-03-25 20:00:00,0.8056897,21.113096,2025-03-26 04:57:12,7.6985116,Field-A,0.24,480,7000,67.95,-2480.9756,0.5558485,10.799077
1014,l_per_ha,F-200,sprayer-x,corn,279152,12.289814,2025-03-27 18:48:38,0.92208475,27541,1722,Field-A,0.92208475,17.22,2240.9614,2025-03-27 18:00:00,0.5757154,10.589946,2025-03-28 04:44:51,5.17526,Field-A,0.28,520,8200,17.22,-5959.0386,0.16904096,4.7720284
1014,l_per_ha,F-300,sprayer-y,barley,207158,56.12651,2025-03-28 09:06:46,1.2984107,278356,12844,Field-A,1.2984107,128.44,4959.439,2025-03-28 09:00:00,0.64766,11.334176,2025-03-28 13:55:26,3.8159266,Field-A,0.22,470,6200,128.44,-1240.561,0.56713533,4.95464
1018,l_per_ha,F-100,sprayer-y,barley,227127,8.036548,2025-03-29 06:48:02,1.9424002,20163,2027,Field-A,1.9424002,20.27,2508.913,,,,,,,0.22,470,6200,20.27,-3691.087,0.14392081,
1000,l_per_ha,F-200,sprayer-x,soy,240524,14.614407,2025-03-29 22:37:35,1.8377193,39754,4130,Field-A,1.8377193,41.3,2720.1926,,,,,,,0.35,450,3600,41.3,-879.8074,0.5243761,
1029,l_per_ha,F-100,sprayer-y,soy,299480,29.724274,2025-03-30 00:18:02,1.5782996,141959,7220,Field-A,1.5782996,72.2,4775.8613,2025-03-30 00:00:00,0.44204116,26.582338,2025-03-30 04:58:37,6.616415,Field-A,0.35,450,3600,72.2,1175.8613,0.7293359,10.442685
1001,l_per_ha,F-100,sprayer-x,wheat,246245,32.802654,2025-03-30 05:54:07,1.2296314,90545,5490,Field-A,1.2296314,54.9,2760.295,2025-03-30 05:30:00,0.4900941,8.476837,2025-03-30 15:04:12,3.4654155,Field-A,0.24,480,7000,54.9,-4239.705,0.27291337,4.2611837
1001,l_per_ha,F-200,sprayer-z,soy,264851,52.580513,2025-03-30 14:41:19,0.54813033,145671,5108,Field-A,0.54813033,51.08,2770.437,2025-03-30 14:00:00,0.59326255,26.210396,2025-03-30 23:24:28,7.1634173,Field-A,0.35,450,3600,51.08,-829.563,0.5349146,3.9264863
1006,l_per_ha,F-200,sprayer-x,soy,275319,24.362787,2025-03-30 15:05:45,0.9166912,104007,3619,Field-A,0.9166912,36.19,4269.093,2025-03-30 15:00:00,0.67456967,20.119757,2025-03-30 23:43:51,2.1842177,Field-A,0.35,450,3600,36.19,669.0928,0.69783777,2.002253
1009,l_per_ha,F-100,sprayer-y,corn,216039,35.635098,2025-03-31 03:05:41,1.8707557,164505,8333,Field-A,1.8707557,83.33,4616.3755,,,,,,,0.28,520,8200,83.33,-3583.6245,0.5958963,
1029,l_per_ha,F-100,sprayer-z,barley,259031,5.236818,2025-03-31 14:31:08,0.70758003,19400,487,Field-A,0.70758003,4.87,3704.5398,,,,,,,0.22,470,6200,4.87,-2495.4602,0.422171,
1013,l_per_ha,F-100,sprayer-x,soy,285452,39.465157,2025-03-31 18:46:22,1.0284222,150331,6077,Field-A,1.0284222,60.77,3809.2083,,,,,,,0.35,450,3600,60.77,209.20825,0.6613171,
1023,l_per_ha,F-200,sprayer-x,corn,243840,43.110962,2025-01-01 02:39:48,0.85993344,98522,6043,Field-B,0.85993344,60.43,2285.312,2025-01-01 02:30:00,0.6966688,18.060806,2025-01-01 12:49:50,3.7403271,Field-B,0.28,520,8200,60.43,-5914.688,0.18516642,3.2164323
1011,l_per_ha,F-100,sprayer-y,wheat,228899,24.03351,2025-01-01 17:32:58,1.7539903,57118,6123,Field-B,1.7539903,61.23,2376.5984,,,,,,,0.24,480,7000,61.23,-4623.4014,0.1539945,
1025,l_per_ha,F-200,sprayer-z,wheat,266270,16.439894,2025-01-02 06:02:22,0.7498545,42235,2177,Field-B,0.7498545,21.77,2569.0554,2025-01-02 04:30:00,0.75790155,15.339022,2025-01-02 12:58:09,5.456913,Field-B,0.24,480,7000,21.77,-4430.9443,0.21935605,4.091891
1011,l_per_ha,F-100,sprayer-z,soy,215751,39.20241,2025-01-03 15:57:06,1.5618252,188689,9550,Field-B,1.5618252,95.5,4813.1987,2025-01-03 15:00:00,0.4323532,10.063666,2025-01-03 15:38:23,2.261555,Field-B,0.35,450,3600,95.5,1213.1987,0.7314313,3.5321534
1015,l_per_ha,F-300,sprayer-z,soy,244317,5.6628523,2025-01-04 16:43:51,1.3017566,16658,1084,Field-B,1.3017566,10.84,2941.627,2025-01-04 15:00:00,0.40833864,12.531159,2025-01-04 17:15:08,2.357341,Field-B,0.35,450,3600,10.84,-658.37305,0.5610649,3.0686843
1028,l_per_ha,F-200,sprayer-z,corn,287009,50.499004,2025-01-05 09:11:19,0.81511956,215915,5739,Field-B,0.81511956,57.39,4275.629,2025-01-05 08:30:00,0.59210324,10.866628,2025-01-05 19:40:00,5.3319163,Field-B,0.28,520,8200,57.39,-3924.371,0.56469524,4.3461494
1013,l_per_ha,F-200,sprayer-x,barley,263959,21.02312,2025-01-06 00:50:46,1.4694499,72689,4407,Field-B,1.4694499,44.07,3457.5742,2025-01-05 23:30:00,0.6289667,20.63311,2025-01-06 08:45:36,4.4208345,Field-B,0.22,470,6200,44.07,-2742.4258,0.37936485,6.496195
1011,l_per_ha,F-300,sprayer-z,corn,279060,33.540306,2025-01-08 13:41:20,1.1879338,77646,5801,Field-B,1.1879338,58.01,2315.0059,2025-01-08 13:00:00,0.6709267,28.50381,2025-01-08 13:58:27,3.6882877,Field-B,0.28,520,8200,58.01,-5884.994,0.19511229,4.3814416
1026,l_per_ha,F-100,sprayer-z,wheat,231000,36.823513,2025-01-08 15:12:34,1.4766377,80114,7629,Field-B,1.4766377,76.29,2175.6208,,,,,,,0.24,480,7000,76.29,-4824.379,0.076754354,
1015,l_per_ha,F-100,sprayer-x,wheat,203643,55.872936,2025-01-10 06:29:08,0.89692104,129603,6075,Field-B,0.89692104,60.75,2319.6025,2025-01-10 05:00:00,0.6474714,21.659876,2025-01-10 12:45:20,1.187259,Field-B,0.24,480,7000,60.75,-4680.3975,0.13583022,1.0648775
1005,l_per_ha,F-200,sprayer-x,corn,222092,16.875864,2025-01-12 03:33:31,0.8502993,46280,2019,Field-B,0.8502993,20.19,2742.3782,,,,,,,0.28,520,8200,20.19,-5457.622,0.32124034,
1001,l_per_ha,F-200,sprayer-z,soy,292725,49.666763,2025-01-12 13:03:31,0.9948819,243988,7999,Field-B,0.9948819,79.99,4912.5005,2025-01-12 11:30:00,0.68536973,16.410624,2025-01-12 22:57:03,1.7212545,Field-B,0.35,450,3600,79.99,1312.5005,0.73734033,1.712445
1007,l_per_ha,F-100,sprayer-x,wheat,280994,32.658123,2025-01-13 19:35:49,1.0837411,107186,5071,Field-B,1.0837411,50.71,3282.0627,2025-01-13 18:00:00,0.38349894,24.298512,2025-01-14 05:42:51,1.7553096,Field-B,0.24,480,7000,50.71,-3717.9373,0.3886559,1.9023011
1020,l_per_ha,F-200,sprayer-x,corn,223502,53.93787,2025-01-13 23:09:54,0.96889496,130757,9293,Field-B,0.96889496,92.93,2424.215,,,,,,,0.28,520,8200,92.93,-5775.785,0.23138168,
1017,l_per_ha,F-200,sprayer-x,wheat,296006,6.699106,2025-01-14 20:40:05,0.8491685,27595,779,Field-B,0.8491685,7.79,4119.2065,2025-01-14 19:30:00,0.8493892,22.007614,2025-01-14 22:52:27,4.7177362,Field-B,0.24,480,7000,7.79,-2880.7935,0.5132933,4.006153
1009,l_per_ha,F-200,sprayer-y,wheat,202448,17.384771,2025-01-15 17:42:10,,82436,4774,Field-B,,47.74,4741.851,2025-01-15 16:00:00,0.5532206,10.310245,2025-01-15 23:55:41,3.0527503,Field-B,0.24,480,7000,47.74,-2258.149,0.5758108,
1004,l_per_ha,F-300,sprayer-x,barley,218648,47.715664,2025-01-16 09:47:04,1.4339944,122111,8982,Field-B,1.4339944,89.82,2559.1387,2025-01-16 08:30:00,0.57403874,19.321,2025-01-16 10:50:55,3.4776933,Field-B,0.22,470,6200,89.82,-3640.8613,0.16185863,4.986993
1019,l_per_ha,F-200,sprayer-y,wheat,296653,38.36115,2025-01-16 23:09:27,1.7499676,121207,8274,Field-B,1.7499676,82.74,3159.6292,2025-01-16 22:00:00,0.5219969,17.181118,2025-01-17 03:47:10,4.780485,Field-B,0.24,480,7000,82.74,-3840.3708,0.36417,8.365694
1010,l_per_ha,F-200,sprayer-x,soy,287613,38.346466,2025-01-19 01:02:16,1.3031075,86857,8888,Field-B,1.3031075,88.88,2265.0588,2025-01-19 01:00:00,0.7415369,15.190614,2025-01-19 03:59:28,2.432754,Field-B,0.35,450,3600,88.88,-1334.9412,0.42944676,3.17014
1029,l_per_ha,F-200,sprayer-x,wheat,298943,25.29437,2025-01-19 15:09:51,1.1941072,94732,5143,Field-B,1.1941072,51.43,3745.1812,,,,,,,0.24,480,7000,51.43,-3254.8188,0.46371832,
1027,l_per_ha,F-100,sprayer-y,wheat,276975,36.249203,2025-01-19 19:33:52,1.3978037,156010,6755,Field-B,1.3978037,67.55,4303.819,2025-01-19 18:30:00,0.65715563,16.252153,2025-01-20 01:34:54,3.0957398,Field-B,0.24,480,7000,67.55,-2696.1812,0.53349227,4.3272367
1021,l_per_ha,F-300,sprayer-x,corn,223728,51.73516,2025-01-20 18:06:03,1.2914971,156599,10408,Field-B,1.2914971,104.08,3026.9355,2025-01-20 17:00:00,0.58862275,16.900908,2025-01-21 03:21:28,4.716331,Field-B,0.28,520,8200,104.08,-5173.0645,0.38408738,6.091128
1008,l_per_ha,F-200,sprayer-x,corn,232236,45.378048,2025-01-21 17:59:19,1.2358654,154347,9240,Field-B,1.2358654,92.4,3401.3582,,,,,,,0.28,520,8200,92.4,-4798.6416,0.45186156,
1006,l_per_ha,F-300,sprayer-x,soy,268103,11.606085,2025-01-22 10:54:11,0.6800533,51702,1283,Field-B,0.6800533,12.83,4454.7324,2025-01-22 10:00:00,0.5682375,12.267215,2025-01-22 18:51:41,3.4023232,Field-B,0.35,450,3600,12.83,854.7324,0.7106734,2.3137612
1023,l_per_ha,F-200,sprayer-y,soy,214439,18.250992,2025-01-22 13:09:00,0.9669428,80164,2642,Field-B,0.9669428,26.42,4392.3096,2025-01-22 12:30:00,0.76013017,20.186546,2025-01-22 20:00:39,2.8197713,Field-B,0.35,450,3600,26.42,792.3096,0.70633894,2.7265575
1015,l_per_ha,F-300,sprayer-z,corn,243703,58.04854,2025-01-22 23:13:21,1.8028259,236738,16529,Field-B,1.8028259,165.29,4078.2766,2025-01-22 23:00:00,0.5614057,30.134357,2025-01-23 05:06:32,3.1218054,Field-B,0.28,520,8200,165.29,-4121.7236,0.5421321,5.628072
1013,l_per_ha,F-100,sprayer-y,wheat,261712,58.361088,2025-01-23 03:30:13,0.36973158,238058,2598,Field-B,0.36973158,25.98,4079.0537,2025-01-23 03:00:00,0.68836147,13.485581,2025-01-23 09:06:23,5.1281576,Field-B,0.24,480,7000,25.98,-2920.9463,0.5092355,1.8960418
1014,l_per_ha,F-100,sprayer-z,corn,225039,54.71473,2025-01-23 13:17:59,1.0642742,251362,8183,Field-B,1.0642742,81.83,4594.0464,2025-01-23 12:00:00,0.3756449,19.629921,2025-01-23 22:30:33,4.880759,Field-B,0.28,520,8200,81.83,-3605.9536,0.5945874,5.1944656
1005,l_per_ha,F-100,sprayer-z,corn,238010,6.014079,2025-01-25 00:44:16,1.019045,23811,853,Field-B,1.019045,8.53,3959.2097,2025-01-24 23:30:00,0.65856504,19.60717,2025-01-25 07:10:31,4.7857,Field-B,0.28,520,8200,8.53,-4240.79,0.5296515,4.8768435
1013,l_per_ha,F-300,sprayer-y,soy,253728,9.862126,2025-01-25 17:39:01,2.1112692,25109,3565,Field-B,2.1112692,35.65,2546.0027,,,,,,,0.35,450,3600,35.65,-1053.9973,0.49095008,
1017,l_per_ha,F-200,sprayer-z,soy,207906,25.807491,2025-01-27 06:50:53,1.3857429,86281,5002,Field-B,1.3857429,50.02,3343.2542,,,,,,,0.35,450,3600,50.02,-256.74585,0.6137739,
1012,l_per_ha,F-100,sprayer-x,barley,252980,27.948948,2025-01-29 03:09:03,0.93925595,135780,3841,Field-B,0.93925595,38.41,4858.1436,,,,,,,0.22,470,6200,38.41,-1341.8564,0.5589652,
1005,l_per_ha,F-200,sprayer-z,corn,286568,43.77655,2025-01-29 06:00:34,0.9178014,203751,6664,Field-B,0.9178014,66.64,4654.3413,,,,,,,0.28,520,8200,66.64,-3545.6587,0.59981894,
1027,l_per_ha,F-100,sprayer-z,barley,258880,18.506132,2025-01-29 16:55:48,1.3080797,41921,4003,Field-B,1.3080797,40.03,2265.249,,,,,,,0.22,470,6200,40.03,-3934.751,0.052556414,
1024,l_per_ha,F-200,sprayer-y,corn,234722,44.14382,2025-01-29 18:00:39,1.1842517,168616,7416,Field-B,1.1842517,74.16,3819.6965,,,,,,,0.28,520,8200,74.16,-4380.3037,0.5122276,
1012,l_per_ha,F-300,sprayer-x,barley,257132,31.18736,2025-01-30 06:33:44,1.411677,88459,6098,Field-B,1.411677,60.98,2836.3735,2025-01-30 05:30:00,0.8267757,22.690527,2025-01-30 13:10:56,4.1080184,Field-B,0.22,470,6200,60.98,-3363.6265,0.2436641,5.7991953
1009,l_per_ha,F-300,sprayer-x,soy,263361,50.876648,2025-01-30 13:45:36,0.80696505,135390,6800,Field-B,0.80696505,68.0,2661.1423,2025-01-30 13:00:00,0.5470217,20.100182,2025-01-30 19:12:57,4.3383975,Field-B,0.35,450,3600,68.0,-938.85767,0.5154213,3.500935
1025,l_per_ha,F-200,sprayer-y,soy,256964,8.918447,2025-01-30 23:29:00,1.469138,40914,1572,Field-B,1.469138,15.72,4587.5703,,,,,,,0.35,450,3600,15.72,987.5703,0.71864176,
1004,l_per_ha,F-300,sprayer-y,wheat,262308,6.9314246,2025-01-31 15:40:34,1.3712844,21242,1184,Field-B,1.3712844,11.84,3064.5938,,,,,,,0.24,480,7000,11.84,-3935.4062,0.34506246,
1018,l_per_ha,F-200,sprayer-y,wheat,277308,29.356834,2025-02-01 05:33:12,0.85069174,85590,3344,Field-B,0.85069174,33.44,2915.5051,2025-02-01 05:30:00,0.7676951,9.011699,2025-02-01 16:49:02,3.4552596,Field-B,0.24,480,7000,33.44,-4084.4949,0.31238455,2.9393609
1009,l_per_ha,F-100,sprayer-x,barley,298001,29.135193,2025-02-02 20:13:32,1.1670319,120298,5299,Field-B,1.1670319,52.99,4128.9585,,,,,,,0.22,470,6200,52.99,-2071.0415,0.48058793,
1022,l_per_ha,F-100,sprayer-x,soy,288355,55.784084,2025-02-02 23:52:26,1.2461559,170263,11407,Field-B,1.2461559,114.07,3052.179,,,,,,,0.35,450,3600,114.07,-547.82104,0.5768411,
1026,l_per_ha,F-300,sprayer-x,corn,286906,19.631699,2025-02-03 06:54:51,1.0207785,42622,2780,Field-B,1.0207785,27.8,2171.0806,2025-02-03 05:30:00,0.4871883,27.297916,2025-02-03 11:50:09,3.6851356,Field-B,0.28,520,8200,27.8,-6028.9194,0.14227034,3.7617073
1029,l_per_ha,F-200,sprayer-z,wheat,241673,9.073173,2025-02-03 13:02:13,1.2300978,37315,1663,Field-B,1.2300978,16.63,4112.674,2025-02-03 12:30:00,0.4129326,32.12273,2025-02-03 14:59:22,3.032347,Field-B,0.24,480,7000,16.63,-2887.3262,0.5118414,3.7300832
1006,l_per_ha,F-200,sprayer-z,wheat,292412,51.693813,2025-02-04 14:31:46,1.7424617,112026,15276,Field-B,1.7424617,152.76,2167.1064,,,,,,,0.24,480,7000,152.76,-4832.8936,0.07142868,
1013,l_per_ha,F-300,sprayer-x,wheat,230648,39.29505,2025-02-06 02:55:40,1.3161985,145863,9102,Field-B,1.3161985,91.02,3711.9941,2025-02-06 01:00:00,0.74388874,17.055378,2025-02-06 04:18:47,3.6638203,Field-B,0.24,480,7000,91.02,-3288.0059,0.45860597,4.8223147
1023,l_per_ha,F-100,sprayer-x,corn,267803,27.496933,2025-02-07 08:24:12,1.131757,78160,3924,Field-B,1.131757,39.24,2842.499,2025-02-07 08:00:00,0.64941764,17.323683,2025-02-07 12:51:34,4.8185844,Field-B,0.28,520,8200,39.24,-5357.501,0.34485835,5.453467
1009,l_per_ha,F-100,sprayer-x,soy,228052,29.781706,2025-02-08 05:45:32,1.9971007,117280,10069,Field-B,1.9971007,100.69,3937.988,2025-02-08 05:30:00,0.44208714,13.970122,2025-02-08 07:04:20,6.036683,Field-B,0.35,450,3600,100.69,337.98804,0.6710568,12.055864
1005,l_per_ha,F-200,sprayer-x,corn,277913,14.716684,2025-02-08 23:13:14,0.9745271,71197,1721,Field-B,0.9745271,17.21,4837.843,2025-02-08 23:00:00,0.7129075,20.23412,2025-02-09 09:41:15,4.0654845,Field-B,0.28,520,8200,17.21,-3362.1572,0.6152584,3.961925
1017,l_per_ha,F-200,sprayer-y,soy,263269,45.321846,2025-02-10 10:26:23,0.998103,150926,7342,Field-B,0.998103,73.42,3330.0938,2025-02-10 10:00:00,0.66592526,15.453498,2025-02-10 13:02:17,3.8251357,Field-B,0.35,450,3600,73.42,-269.90625,0.6125206,3.8178794
1000,l_per_ha,F-300,sprayer-y,wheat,220272,30.510546,2025-02-13 10:21:23,1.2898306,89966,5161,Field-B,1.2898306,51.61,2948.6853,2025-02-13 09:30:00,0.88590837,16.851057,2025-02-13 19:24:52,6.4236493,Field-B,0.24,480,7000,51.61,-4051.3147,0.31934136,8.285419
1028,l_per_ha,F-100,sprayer-x,wheat,222563,30.019192,2025-02-16 03:30:04,1.0453315,98261,5068,Field-B,1.0453315,50.68,3273.2727,,,,,,,0.24,480,7000,50.68,-3726.7273,0.3868417,
1027,l_per_ha,F-200,sprayer-z,corn,287489,21.226057,2025-02-16 07:35:57,0.8371963,43845,2898,Field-B,0.8371963,28.98,2065.6216,2025-02-16 07:30:00,0.5583397,27.172548,2025-02-16 13:47:08,8.874546,Field-B,0.28,520,8200,28.98,-6134.3784,0.09856723,7.429737
1014,l_per_ha,F-100,sprayer-x,corn,219667,38.760555,2025-02-16 10:44:58,1.5884894,127462,8535,Field-B,1.5884894,85.35,3288.4463,,,,,,,0.28,520,8200,85.35,-4911.5537,0.43286073,
1021,l_per_ha,F-100,sprayer-x,wheat,268514,35.485706,2025-02-17 18:07:07,0.36655644,138271,1580,Field-B,0.36655644,15.8,3896.5266,2025-02-17 17:30:00,0.4713552,5.692263,2025-02-18 04:57:19,2.8778658,Field-B,0.24,480,7000,15.8,-3103.4734,0.48624623,1.0549002
1013,l_per_ha,F-200,sprayer-y,wheat,272959,6.7682,2025-02-18 01:48:13,1.5247098,19512,1481,Field-B,1.5247098,14.81,2882.8936,2025-02-18 01:00:00,0.5328873,12.807889,2025-02-18 08:51:34,6.3413787,Field-B,0.24,480,7000,14.81,-4117.1064,0.30308995,9.668762
1019,l_per_ha,F-100,sprayer-y,soy,246370,58.479042,2025-02-19 23:47:50,1.6520903,206664,12687,Field-B,1.6520903,126.87,3533.984,2025-02-19 23:00:00,0.5660275,17.731678,2025-02-20 00:17:18,8.075199,Field-B,0.35,450,3600,126.87,-66.01611,0.63443154,13.340959
1019,l_per_ha,F-100,sprayer-y,barley,255167,37.04544,2025-02-20 23:41:30,1.3379831,79512,6227,Field-B,1.3379831,62.27,2146.3372,2025-02-20 22:30:00,0.7596858,18.89798,2025-02-21 05:22:05,3.27344,Field-B,0.22,470,6200,62.27,-4053.6628,0.0010870001,4.3798075
1001,l_per_ha,F-100,sprayer-y,soy,207533,36.414204,2025-02-22 18:43:17,0.5077878,169381,2819,Field-B,0.5077878,28.19,4651.509,,,,,,,0.35,450,3600,28.19,1051.5088,0.72311646,
1003,l_per_ha,F-300,sprayer-x,barley,212401,31.24781,2025-02-23 00:17:09,,117389,4581,Field-B,,45.81,3756.7112,2025-02-22 23:30:00,0.6365719,17.489552,2025-02-23 07:49:06,6.4121437,Field-B,0.22,470,6200,45.81,-2443.2888,0.42954695,
1011,l_per_ha,F-100,sprayer-z,soy,244659,33.769978,2025-02-27 00:56:33,1.1777719,73574,6987,Field-B,1.1777719,69.87,2178.6807,,,,,,,0.35,450,3600,69.87,-1421.3193,0.40715235,
1000,l_per_ha,F-300,sprayer-y,soy,267201,15.3860035,2025-02-27 09:11:29,0.7962138,68527,2089,Field-B,0.7962138,20.89,4453.853,2025-02-27 08:30:00,0.6328927,28.862123,2025-02-27 18:59:46,4.7688446,Field-B,0.35,450,3600,20.89,853.853,0.71045434,3.79702
1015,l_per_ha,F-200,sprayer-x,wheat,245071,44.201233,2025-03-01 03:10:38,0.8228535,211239,5758,Field-B,0.8228535,57.58,4779.03,2025-03-01 02:00:00,0.73420215,12.903977,2025-03-01 02:12:33,3.8711357,Field-B,0.24,480,7000,57.58,-2220.9702,0.58036923,3.1853776
1020,l_per_ha,F-200,sprayer-z,barley,250575,52.39979,2025-03-02 07:38:20,1.1666499,148241,8448,Field-B,1.1666499,84.48,2829.0378,,,,,,,0.22,470,6200,84.48,-3370.9622,0.242254,
1017,l_per_ha,F-200,sprayer-y,corn,227370,20.940876,2025-03-02 22:56:26,1.4363006,83703,3720,Field-B,1.4363006,37.2,3997.1106,2025-03-02 21:30:00,0.49391165,22.536947,2025-03-03 04:56:21,3.4495013,Field-B,0.28,520,8200,37.2,-4202.8896,0.53379136,4.9545207
1001,l_per_ha,F-300,sprayer-x,barley,241512,58.32022,2025-03-04 20:05:23,1.9374096,131595,16556,Field-B,1.9374096,165.56,2256.4214,2025-03-04 18:30:00,0.5911507,19.085857,2025-03-04 18:47:17,4.06635,Field-B,0.22,470,6200,165.56,-3943.5786,0.047488477,7.8781857
1020,l_per_ha,F-100,sprayer-z,wheat,226502,38.349957,2025-03-07 22:00:47,1.0951214,187154,6746,Field-B,1.0951214,67.46,4880.162,2025-03-07 21:00:00,0.5878406,13.790595,2025-03-08 07:45:16,6.314143,Field-B,0.24,480,7000,67.46,-2119.838,0.5886757,6.9147534
1012,l_per_ha,F-100,sprayer-z,barley,203046,16.852232,2025-03-08 00:07:35,,42586,2363,Field-B,,23.63,2527.0242,,,,,,,0.22,470,6200,23.63,-3672.9758,0.15207098,
1015,l_per_ha,F-300,sprayer-x,barley,234036,7.7984405,2025-03-08 00:54:27,1.1573682,20514,1569,Field-B,1.1573682,15.69,2630.526,,,,,,,0.22,470,6200,15.69,-3569.474,0.18438023,
1016,l_per_ha,F-200,sprayer-y,barley,291273,42.972107,2025-03-10 15:52:13,0.9797294,191296,7568,Field-B,0.9797294,75.68,4451.632,2025-03-10 15:30:00,0.2548401,19.628174,2025-03-10 23:57:01,1.867934,Field-B,0.22,470,6200,75.68,-1748.3682,0.518296,1.8300699
1010,l_per_ha,F-200,sprayer-z,barley,270941,23.427578,2025-03-12 06:03:18,1.3893958,81633,4875,Field-B,1.3893958,48.75,3484.4832,2025-03-12 04:30:00,0.57427114,28.821995,2025-03-12 12:45:35,4.3736115,Field-B,0.22,470,6200,48.75,-2715.5168,0.3841778,6.0766773
1013,l_per_ha,F-300,sprayer-y,soy,260517,16.153475,2025-03-12 13:03:36,0.81476855,42661,1701,Field-B,0.81476855,17.01,2640.9797,2025-03-12 11:30:00,0.6417239,10.806,2025-03-12 17:08:53,4.2084093,Field-B,0.35,450,3600,17.01,-959.02026,0.51202846,3.4288795
1027,l_per_ha,F-100,sprayer-y,corn,242532,40.323883,2025-03-13 11:59:46,1.0362083,84314,5447,Field-B,1.0362083,54.47,2090.9197,,,,,,,0.28,520,8200,54.47,-6109.08,0.10949845,
1001,l_per_ha,F-300,sprayer-x,soy,285733,43.948666,2025-03-15 23:16:27,1.371034,109509,8062,Field-B,1.371034,80.62,2491.748,2025-03-15 21:30:00,0.76955885,17.354862,2025-03-16 06:23:23,5.234857,Field-B,0.35,450,3600,80.62,-1108.252,0.4819077,7.1771674
1028,l_per_ha,F-100,sprayer-x,wheat,213238,18.038414,2025-03-18 19:13:28,0.55378205,65441,1622,Field-B,0.55378205,16.22,3627.869,2025-03-18 19:00:00,0.43727574,8.906387,2025-03-18 19:39:54,3.8184187,Field-B,0.24,480,7000,16.22,-3372.131,0.44767946,2.1145718
1029,l_per_ha,F-100,sprayer-x,soy,267454,25.434877,2025-03-18 20:54:07,1.3354706,55297,5627,Field-B,1.3354706,56.27,2174.062,2025-03-18 20:30:00,0.6278487,25.24837,2025-03-18 23:10:07,1.1964928,Field-B,0.35,450,3600,56.27,-1425.938,0.4057045,1.5978808
1025,l_per_ha,F-100,sprayer-x,wheat,216098,37.968475,2025-03-19 11:41:19,1.7575192,170153,11524,Field-B,1.7575192,115.24,4481.428,,,,,,,0.24,480,7000,115.24,-2518.5718,0.5508917,
1008,l_per_ha,F-200,sprayer-x,corn,281331,21.676115,2025-03-21 06:21:13,1.380846,70436,5305,Field-B,1.380846,53.05,3249.4753,2025-03-21 04:30:00,0.57738686,21.703724,2025-03-21 05:58:58,4.488853,Field-B,0.28,520,8200,53.05,-4950.5244,0.4257893,6.198415
1009,l_per_ha,F-300,sprayer-y,corn,290930,44.127514,2025-03-23 05:30:59,0.66349727,133508,4090,Field-B,0.66349727,40.9,3025.5046,2025-03-23 04:00:00,0.6869699,14.251674,2025-03-23 14:44:03,4.4093122,Field-B,0.28,520,8200,40.9,-5174.495,0.38507676,2.9255667
1009,l_per_ha,F-300,sprayer-y,corn,210007,48.021614,2025-03-23 06:01:22,1.3908632,163809,11923,Field-B,1.3908632,119.23,3411.1514,2025-03-23 06:00:00,0.46946228,20.88146,2025-03-23 15:05:28,3.5026784,Field-B,0.28,520,8200,119.23,-4788.8486,0.45296764,4.8717465
1005,l_per_ha,F-100,sprayer-z,wheat,219379,29.545528,2025-03-23 19:34:47,1.4841075,70975,7082,Field-B,1.4841075,70.82,2402.2249,2025-03-23 18:00:00,0.52955437,16.740475,2025-03-24 02:05:57,1.8489149,Field-B,0.24,480,7000,70.82,-4597.7754,0.16328087,2.7439885
1003,l_per_ha,F-300,sprayer-x,corn,285056,32.81693,2025-03-24 21:29:00,1.2575122,155880,5641,Field-B,1.2575122,56.41,4749.988,2025-03-24 20:30:00,0.66023284,10.454928,2025-03-25 05:56:54,5.85285,Field-B,0.28,520,8200,56.41,-3450.0122,0.60772914,7.36003
1002,l_per_ha,F-200,sprayer-z,wheat,239172,55.038815,2025-03-27 15:42:40,1.6079853,139562,15927,Field-B,1.6079853,159.27,2535.7014,2025-03-27 15:30:00,0.59413826,14.0659075,2025-03-27 19:47:19,2.7696881,Field-B,0.24,480,7000,159.27,-4464.299,0.20650846,4.4536176
1005,l_per_ha,F-200,sprayer-z,soy,225225,25.310007,2025-03-28 06:12:25,1.6160744,118986,5508,Field-B,1.6160744,55.08,4701.1445,2025-03-28 04:30:00,0.5197168,6.862395,2025-03-28 09:03:14,5.497848,Field-B,0.35,450,3600,55.08,1101.1445,0.7251877,8.884932
1025,l_per_ha,F-100,sprayer-x,corn,284263,34.069794,2025-03-28 16:23:29,1.2041007,165876,7175,Field-B,1.2041007,71.75,4868.7114,2025-03-28 16:00:00,0.35414264,17.244888,2025-03-28 16:06:35,3.080886,Field-B,0.28,520,8200,71.75,-3331.2886,0.6170108,3.709697
1026,l_per_ha,F-300,sprayer-x,corn,262285,20.622822,2025-03-28 16:32:10,1.4117477,99275,3983,Field-B,1.4117477,39.83,4813.842,2025-03-28 16:00:00,0.35414264,17.244888,2025-03-28 16:06:35,3.080886,Field-B,0.28,520,8200,39.83,-3386.1582,0.61277485,4.3494334
1002,l_per_ha,F-100,sprayer-z,soy,291825,35.26779,2025-03-30 14:44:18,1.7514871,80450,10351,Field-B,1.7514871,103.51,2281.1182,,,,,,,0.35,450,3600,103.51,-1318.8818,0.4326905,
1001,l_per_ha,F-300,sprayer-z,soy,250375,25.80103,2025-01-01 03:35:13,0.85591435,127224,3429,Field-C,0.85591435,34.29,4930.9663,,,,,,,0.35,450,3600,34.29,1330.9663,0.73848706,
1017,l_per_ha,F-200,sprayer-x,soy,297965,53.713783,2025-01-01 10:10:44,0.8741243,222801,7201,Field-C,0.8741243,72.01,4147.9297,2025-01-01 09:30:00,0.46193907,20.03514,2025-01-01 13:10:02,2.6177554,Field-C,0.35,450,3600,72.01,547.9297,0.6891113,2.2882435
1027,l_per_ha,F-300,sprayer-x,soy,271785,47.94611,2025-01-01 18:27:39,1.5739617,165960,9842,Field-C,1.5739617,98.42,3461.3862,,,,,,,0.35,450,3600,98.42,-138.61377,0.6268607,
1027,l_per_ha,F-200,sprayer-y,barley,274610,32.187298,2025-01-01 23:10:18,0.733284,136115,3694,Field-C,0.733284,36.94,4228.842,2025-01-01 23:00:00,0.71802753,17.10897,2025-01-02 07:25:28,2.0244932,Field-C,0.22,470,6200,36.94,-1971.1582,0.4935776,1.4845284
1001,l_per_ha,F-200,sprayer-x,wheat,237359,52.29838,2025-01-02 14:09:52,1.3468127,261500,10596,Field-C,1.3468127,105.96,5000.155,2025-01-02 13:00:00,0.68633384,9.337369,2025-01-03 00:50:39,5.914773,Field-C,0.24,480,7000,105.96,-1999.8452,0.598324,7.9660916
1007,l_per_ha,F-100,sprayer-x,barley,236534,51.660942,2025-01-02 23:23:11,1.2154759,239371,7686,Field-C,1.2154759,76.86,4633.5005,2025-01-02 23:00:00,0.853167,11.726546,2025-01-03 00:58:59,1.5672909,Field-C,0.22,470,6200,76.86,-1566.4995,0.5374714,1.9050044
1029,l_per_ha,F-200,sprayer-z,barley,250124,49.65935,2025-01-04 17:03:06,2.2001035,136015,17348,Field-C,2.2001035,173.48,2738.9604,2025-01-04 16:00:00,0.98,13.943958,2025-01-04 23:21:19,2.8185177,Field-C,0.22,470,6200,173.48,-3461.0396,0.2142118,6.2010307
1011,l_per_ha,F-200,sprayer-z,soy,266329,59.44027,2025-01-05 22:54:57,0.9310755,206961,9363,Field-C,0.9310755,93.63,3481.8315,2025-01-05 22:00:00,0.6215065,9.177267,2025-01-06 04:16:11,5.102957,Field-C,0.35,450,3600,93.63,-118.16846,0.62944365,4.751238
1000,l_per_ha,F-100,sprayer-z,soy,264375,27.65139,2025-01-06 05:30:51,1.2682863,59680,5948,Field-C,1.2682863,59.48,2158.3003,2025-01-06 05:00:00,0.6010942,17.084988,2025-01-06 07:12:41,6.08843,Field-C,0.35,450,3600,59.48,-1441.6997,0.40144557,7.7218723
1029,l_per_ha,F-200,sprayer-y,wheat,286888,58.389057,2025-01-06 21:32:44,0.8846381,176960,8526,Field-C,0.8846381,85.26,3030.7048,2025-01-06 21:30:00,0.6336799,13.207998,2025-01-07 01:24:05,4.7206593,Field-C,0.24,480,7000,85.26,-3969.2952,0.33807996,4.176075
1024,l_per_ha,F-300,sprayer-z,barley,270223,8.84624,2025-01-06 23:43:41,0.7239148,24147,940,Field-C,0.7239148,9.4,2729.6343,2025-01-06 23:00:00,0.34341714,19.745075,2025-01-07 05:57:00,2.5529003,Field-C,0.22,470,6200,9.4,-3470.3657,0.21557485,1.8480823
1000,l_per_ha,F-200,sprayer-z,wheat,210431,52.10253,2025-01-10 04:06:15,1.5299078,225817,11942,Field-C,1.5299078,119.42,4334.089,,,,,,,0.24,480,7000,119.42,-2665.9111,0.5363385,
1021,l_per_ha,F-100,sprayer-y,soy,247805,18.773819,2025-01-10 06:31:07,1.2195787,51966,3636,Field-C,1.2195787,36.36,2768.0037,,,,,,,0.35,450,3600,36.36,-831.99634,0.5335093,
1016,l_per_ha,F-300,sprayer-z,wheat,265169,51.80484,2025-01-10 10:45:22,1.3943009,226507,11606,Field-C,1.3943009,116.06,4372.3135,2025-01-10 10:00:00,0.55656374,11.633238,2025-01-10 17:18:59,2.311855,Field-C,0.24,480,7000,116.06,-2627.6865,0.5404413,3.2234218
1004,l_per_ha,F-300,sprayer-z,barley,270386,24.155174,2025-01-10 15:39:59,1.2820508,118885,3962,Field-C,1.2820508,39.62,4921.7197,2025-01-10 14:30:00,0.48825765,23.30488,2025-01-10 21:44:49,4.5766964,Field-C,0.22,470,6200,39.62,-1278.2803,0.5644166,5.8675575
1017,l_per_ha,F-300,sprayer-x,soy,248253,9.125952,2025-01-11 01:03:24,0.5485822,20437,766,Field-C,0.5485822,7.66,2239.4375,2025-01-11 01:00:00,0.49469796,15.976407,2025-01-11 10:28:08,4.764599,Field-C,0.35,450,3600,7.66,-1360.5625,0.42480534,2.613774
1024,l_per_ha,F-300,sprayer-x,barley,292196,18.293478,2025-01-11 02:04:19,1.5484388,41005,4853,Field-C,1.5484388,48.53,2241.5093,2025-01-11 01:00:00,0.49469796,15.976407,2025-01-11 10:28:08,4.764599,Field-C,0.22,470,6200,48.53,-3958.4907,0.04152881,7.37769
1003,l_per_ha,F-300,sprayer-y,corn,227487,20.004238,2025-01-11 18:29:33,0.70832294,77178,1883,Field-C,0.70832294,18.83,3858.0825,2025-01-11 16:30:00,0.6780164,14.771251,2025-01-11 22:49:26,5.5162516,Field-C,0.28,520,8200,18.83,-4341.9175,0.51776445,3.9072876
1021,l_per_ha,F-100,sprayer-y,corn,224456,36.34906,2025-01-13 07:32:02,2.1003811,119238,9312,Field-C,2.1003811,93.12,3280.3599,,,,,,,0.28,520,8200,93.12,-4919.64,0.4310709,
1021,l_per_ha,F-100,sprayer-y,soy,286258,52.275864,2025-01-14 15:12:23,0.86469597,260700,6776,Field-C,0.86469597,67.76,4987.0054,2025-01-14 14:30:00,0.5879727,19.3649,2025-01-15 02:08:38,4.9891567,Field-C,0.35,450,3600,67.76,1387.0054,0.7414445,4.3141036
1025,l_per_ha,F-200,sprayer-z,corn,261244,29.457842,2025-01-14 23:45:13,1.7494994,93604,7110,Field-C,1.7494994,71.1,3177.558,2025-01-14 23:30:00,0.5878658,15.889452,2025-01-15 09:46:52,6.3583074,Field-C,0.28,520,8200,71.1,-5022.442,0.4128312,11.123856
1022,l_per_ha,F-200,sprayer-x,barley,216150,19.18417,2025-01-15 15:08:58,1.3999109,39490,4538,Field-C,1.3999109,45.38,2058.468,2025-01-15 14:00:00,0.6699828,12.433529,2025-01-15 23:04:12,4.029328,Field-C,0.22,470,6200,45.38,-4141.532,-0.043064907,5.6407003
1013,l_per_ha,F-100,sprayer-y,barley,270373,51.631027,2025-01-15 22:21:31,1.4308195,163859,9774,Field-C,1.4308195,97.74,3173.6536,,,,,,,0.22,470,6200,97.74,-3026.3464,0.32413277,
1022,l_per_ha,F-300,sprayer-x,barley,236419,20.191404,2025-01-17 06:48:05,0.6935484,76610,2059,Field-C,0.6935484,20.59,3794.1887,2025-01-17 05:30:00,0.5142862,13.950914,2025-01-17 08:20:05,4.601547,Field-C,0.22,470,6200,20.59,-2405.8113,0.43571633,3.1913953
1007,gal_per_acre,F-300,sprayer-y,corn,205785,22.39988,2025-01-20 09:45:18,,80446,5713,Field-C,,57.13,3591.3584,2025-01-20 09:00:00,0.7579122,20.761654,2025-01-20 20:32:24,4.649203,Field-C,0.28,520,8200,57.13,-4608.6416,0.48034936,
1001,l_per_ha,F-200,sprayer-z,corn,257925,42.732742,2025-01-22 02:35:45,0.71221465,168932,5033,Field-C,0.71221465,50.33,3953.2214,2025-01-22 02:00:00,0.44089246,5.785635,2025-01-22 04:29:06,4.191585,Field-C,0.28,520,8200,50.33,-4246.7783,0.5291564,2.9853082
1008,l_per_ha,F-100,sprayer-x,corn,203622,9.07388,2025-01-23 22:02:39,0.92532724,28532,1039,Field-C,0.92532724,10.39,3144.41,,,,,,,0.28,520,8200,10.39,-5055.59,0.4080822,
1017,l_per_ha,F-300,sprayer-y,barley,215289,53.217297,2025-01-24 07:48:02,1.3134313,258115,12011,Field-C,1.3134313,120.11,4850.2085,2025-01-24 07:00:00,0.67452097,17.684835,2025-01-24 08:31:16,3.293602,Field-C,0.22,470,6200,120.11,-1349.7915,0.55741644,4.3259196
1024,l_per_ha,F-100,sprayer-x,barley,204656,32.04969,2025-01-25 17:37:19,0.7526691,109842,4261,Field-C,0.7526691,42.61,3427.2405,2025-01-25 17:00:00,0.7228912,15.447723,2025-01-25 23:56:37,3.3334537,Field-C,0.22,470,6200,42.61,-2772.7595,0.37488875,2.5089877
1013,l_per_ha,F-100,sprayer-z,corn,205303,26.803993,2025-01-26 22:34:22,0.59082395,117618,2237,Field-C,0.59082395,22.37,4388.0776,,,,,,,0.28,520,8200,22.37,-3811.9224,0.576096,
1014,l_per_ha,F-100,sprayer-y,corn,254716,34.2211,2025-01-27 19:11:55,1.2128819,158303,6977,Field-C,1.2128819,69.77,4625.8887,2025-01-27 18:30:00,0.4780346,10.964005,2025-01-28 03:40:50,5.2915344,Field-C,0.28,520,8200,69.77,-3574.1113,0.59695864,6.4180064
1006,ml_per_m2,F-100,sprayer-z,wheat,244679,8.021424,2025-01-27 22:40:04,,29329,947,Field-C,,9.47,3656.3333,2025-01-27 22:00:00,0.81515396,15.941948,2025-01-28 09:21:09,2.2337415,Field-C,0.24,480,7000,9.47,-3343.6667,0.45165852,
1025,l_per_ha,F-200,sprayer-z,corn,291577,56.90891,2025-01-28 10:45:29,1.2739853,229786,11810,Field-C,1.2739853,118.1,4037.786,2025-01-28 09:30:00,0.46875274,25.000807,2025-01-28 10:22:36,7.587758,Field-C,0.28,520,8200,118.1,-4162.214,0.5382236,9.666692
1028,l_per_ha,F-300,sprayer-x,corn,210551,45.060623,2025-01-29 11:34:16,2.0182457,102666,11352,Field-C,2.0182457,113.52,2278.3972,2025-01-29 11:30:00,0.6729556,16.189178,2025-01-29 20:37:32,6.462527,Field-C,0.28,520,8200,113.52,-5921.6025,0.18094164,13.042967
1017,l_per_ha,F-200,sprayer-z,barley,210638,56.61813,2025-01-31 11:55:41,1.2343006,144416,8627,Field-C,1.2343006,86.27,2550.7024,,,,,,,0.22,470,6200,86.27,-3649.2976,0.1597257,
1004,l_per_ha,F-300,sprayer-z,barley,217584,46.033737,2025-02-01 04:25:28,1.4541345,104590,8493,Field-C,1.4541345,84.93,2272.0293,2025-02-01 03:30:00,0.6967998,21.16789,2025-02-01 05:22:20,4.5439076,Field-C,0.22,470,6200,84.93,-3927.9707,0.056020197,6.607453
1019,l_per_ha,F-100,sprayer-x,wheat,240737,36.91321,2025-02-03 04:59:33,1.2820045,180265,5977,Field-C,1.2820045,59.77,4883.482,2025-02-03 04:00:00,0.49543262,27.245039,2025-02-03 05:34:25,4.362025,Field-C,0.24,480,7000,59.77,-2116.518,0.58907455,5.5921354
1026,l_per_ha,F-100,sprayer-x,wheat,293211,56.841263,2025-02-05 11:18:42,0.84358954,150987,7700,Field-C,0.84358954,77.0,2656.2922,,,,,,,0.24,480,7000,77.0,-4343.708,0.24494584,
1028,l_per_ha,F-200,sprayer-z,soy,207137,31.367939,2025-02-06 14:42:10,1.4719756,112909,6583,Field-C,1.4719756,65.83,3599.5032,2025-02-06 14:00:00,0.52504784,22.560244,2025-02-07 00:41:56,3.7458498,Field-C,0.35,450,3600,65.83,-0.49682617,0.641142,5.5137997
1023,l_per_ha,F-100,sprayer-y,barley,273755,31.14181,2025-02-06 21:53:26,1.4866865,84769,7347,Field-C,1.4866865,73.47,2722.032,2025-02-06 20:00:00,0.7027211,25.927534,2025-02-06 22:31:06,1.7255204,Field-C,0.22,470,6200,73.47,-3477.968,0.21121897,2.5653079
1021,l_per_ha,F-200,sprayer-y,soy,282880,39.026333,2025-02-07 07:55:20,1.1545923,115843,7056,Field-C,1.1545923,70.56,2968.329,2025-02-07 06:30:00,0.60547614,20.972368,2025-02-07 09:21:25,4.6056967,Field-C,0.35,450,3600,70.56,-631.6709,0.56511563,5.317702
1014,l_per_ha,F-100,sprayer-x,barley,250166,16.838406,2025-02-07 11:52:36,1.1150833,83722,2488,Field-C,1.1150833,24.88,4972.086,,,,,,,0.22,470,6200,24.88,-1227.9141,0.5689777,
1018,l_per_ha,F-200,sprayer-x,corn,221434,46.457386,2025-02-08 19:39:58,1.0127195,168101,7673,Field-C,1.0127195,76.73,3618.391,,,,,,,0.28,520,8200,76.73,-4581.609,0.48511884,
1011,l_per_ha,F-100,sprayer-x,soy,230344,19.559145,2025-02-09 00:57:45,1.3282579,51094,3408,Field-C,1.3282579,34.08,2612.282,2025-02-08 23:30:00,0.7319004,3.062523,2025-02-09 01:13:20,7.867151,Field-C,0.35,450,3600,34.08,-987.718,0.50591373,10.449605
1015,l_per_ha,F-100,sprayer-z,soy,292094,49.82902,2025-02-09 07:12:49,1.5378097,248392,12149,Field-C,1.5378097,121.49,4984.886,2025-02-09 05:30:00,0.4972583,12.064374,2025-02-09 13:53:34,7.0199924,Field-C,0.35,450,3600,121.49,1384.8862,0.7406801,10.795412
1004,l_per_ha,F-300,sprayer-x,soy,227293,50.627747,2025-02-09 14:35:29,1.3172648,209311,10596,Field-C,1.3172648,105.96,4134.314,,,,,,,0.35,450,3600,105.96,534.31396,0.68756753,
1021,l_per_ha,F-300,sprayer-x,wheat,293848,16.91423,2025-02-09 22:30:02,0.93938184,44244,2210,Field-C,0.93938184,22.1,2615.7856,2025-02-09 21:00:00,0.6465564,16.21428,2025-02-10 01:09:40,5.73662,Field-C,0.24,480,7000,22.1,-4384.2144,0.23333006,5.3888764
1003,l_per_ha,F-300,sprayer-z,corn,271685,32.45568,2025-02-10 09:46:45,1.5179377,96952,8420,Field-C,1.5179377,84.2,2987.212,,,,,,,0.28,520,8200,84.2,-5212.788,0.37520057,
1023,l_per_ha,F-200,sprayer-z,barley,246172,56.150185,2025-02-10 11:05:23,1.822014,249454,15014,Field-C,1.822014,150.14,4442.621,2025-02-10 10:30:00,0.46674165,15.923888,2025-02-10 13:09:54,1.9007558,Field-C,0.22,470,6200,150.14,-1757.3789,0.51638514,3.4632037
1014,l_per_ha,F-200,sprayer-z,soy,211080,9.298588,2025-02-10 23:03:16,0.6040275,32663,882,Field-C,0.6040275,8.82,3512.684,2025-02-10 23:00:00,0.72751564,22.071846,2025-02-11 04:30:41,5.530574,Field-C,0.35,450,3600,8.82,-87.31592,0.63320804,3.3406188
1005,l_per_ha,F-100,sprayer-x,corn,275592,40.420517,2025-02-12 07:47:44,0.98507035,91693,6202,Field-C,0.98507035,62.02,2268.4766,2025-02-12 07:30:00,0.39519784,14.519971,2025-02-12 08:55:10,1.191358,Field-C,0.28,520,8200,62.02,-5931.5234,0.17891034,1.1735715
1011,l_per_ha,F-200,sprayer-y,soy,231646,57.42316,2025-02-12 20:42:56,1.075856,138796,10839,Field-C,1.075856,108.39,2417.0735,2025-02-12 20:30:00,0.5192406,16.562569,2025-02-13 01:34:07,3.274827,Field-C,0.35,450,3600,108.39,-1182.9265,0.46583858,3.5232422
1025,l_per_ha,F-300,sprayer-z,wheat,208626,55.230686,2025-02-13 04:11:28,1.4040879,148064,13668,Field-C,1.4040879,136.68,2680.8286,2025-02-13 03:30:00,0.4482985,32.915833,2025-02-13 11:09:05,1.9903336,Field-C,0.24,480,7000,136.68,-4319.1714,0.25011566,2.7946033
1027,l_per_ha,F-200,sprayer-y,corn,202043,21.958326,2025-02-13 21:07:47,1.0985435,63521,3814,Field-C,1.0985435,38.14,2892.7979,,,,,,,0.28,520,8200,38.14,-5307.202,0.35586712,
1020,l_per_ha,F-200,sprayer-x,corn,248922,16.719122,2025-02-14 02:49:36,1.0802464,67083,2373,Field-C,1.0802464,23.73,4012.352,2025-02-14 02:00:00,0.3029166,21.356268,2025-02-14 09:37:22,4.470348,Field-C,0.28,520,8200,23.73,-4187.648,0.53588027,4.8290772
1023,l_per_ha,F-200,sprayer-x,soy,292301,40.158768,2025-02-14 21:26:40,1.2219445,123601,8793,Field-C,1.2219445,87.93,3077.8086,2025-02-14 21:00:00,0.5531933,18.451218,2025-02-14 22:07:48,0.63322437,Field-C,0.35,450,3600,87.93,-522.1914,0.5802305,0.773765
1013,l_per_ha,F-100,sprayer-y,soy,217835,23.52711,2025-02-15 15:22:17,0.8228459,103459,3261,Field-C,0.8228459,32.61,4397.4375,2025-02-15 15:00:00,0.54671514,22.003393,2025-02-15 19:30:24,5.486299,Field-C,0.35,450,3600,32.61,797.4375,0.70672137,4.5143785
1006,l_per_ha,F-200,sprayer-z,soy,236701,55.456757,2025-02-16 12:42:30,1.4703889,168624,14602,Field-C,1.4703889,146.02,3040.6394,2025-02-16 12:00:00,0.5946735,16.053514,2025-02-16 20:19:25,3.955648,Field-C,0.35,450,3600,146.02,-559.3606,0.5746824,5.816341
1017,l_per_ha,F-100,sprayer-x,corn,234476,46.76376,2025-02-17 15:48:39,1.1382719,113705,6607,Field-C,1.1382719,66.07,2431.4768,2025-02-17 15:30:00,0.7237487,14.062156,2025-02-17 20:26:57,5.0768023,Field-C,0.28,520,8200,66.07,-5768.5234,0.23413268,5.7787814
1029,l_per_ha,F-100,sprayer-y,corn,279357,35.842754,2025-02-18 16:15:01,1.0279607,171519,5392,Field-C,1.0279607,53.92,4785.3184,2025-02-18 15:30:00,0.63258475,25.536125,2025-02-19 02:35:18,5.092022,Field-C,0.28,520,8200,53.92,-3414.6816,0.6107854,5.2343984
1009,l_per_ha,F-100,sprayer-z,soy,254841,20.681732,2025-02-19 14:30:06,1.0588931,52638,3373,Field-C,1.0588931,33.73,2545.1448,,,,,,,0.35,450,3600,33.73,-1054.8552,0.49300563,
1018,l_per_ha,F-200,sprayer-x,wheat,254205,15.752271,2025-02-20 01:20:02,1.2554568,41712,2440,Field-C,1.2554568,24.4,2647.9993,2025-02-20 01:00:00,0.9216304,25.780191,2025-02-20 06:42:07,5.291949,Field-C,0.24,480,7000,24.4,-4352.001,0.2422754,6.643813
1012,l_per_ha,F-100,sprayer-y,wheat,205951,13.252177,2025-02-22 15:38:10,1.4761177,62959,2819,Field-C,1.4761177,28.19,4750.8423,,,,,,,0.24,480,7000,28.19,-2249.1577,0.57715636,
1016,l_per_ha,F-200,sprayer-y,corn,233146,27.112629,2025-02-22 20:11:15,1.3366592,73752,5655,Field-C,1.3366592,56.55,2720.2083,2025-02-22 19:00:00,0.5577403,19.380873,2025-02-23 06:34:28,4.553815,Field-C,0.28,520,8200,56.55,-5479.792,0.31454074,6.0868983
1016,l_per_ha,F-300,sprayer-y,barley,250661,14.735078,2025-02-23 04:00:31,1.4280392,46027,3633,Field-C,1.4280392,36.33,3123.6348,2025-02-23 02:30:00,0.8975496,20.862972,2025-02-23 04:48:17,7.833526,Field-C,0.22,470,6200,36.33,-3076.3652,0.31247708,11.186583
1010,l_per_ha,F-100,sprayer-y,corn,266858,46.78037,2025-02-23 13:39:35,1.3292754,192515,9991,Field-C,1.3292754,99.91,4115.295,2025-02-23 13:00:00,0.5437126,27.083029,2025-02-23 21:02:53,5.4765477,Field-C,0.28,520,8200,99.91,-4084.705,0.5468683,7.27984
1017,l_per_ha,F-300,sprayer-y,barley,235551,46.34794,2025-02-24 01:48:55,1.3519034,161930,9839,Field-C,1.3519034,98.39,3493.7908,,,,,,,0.22,470,6200,98.39,-2706.2092,0.38576373,
1003,l_per_ha,F-300,sprayer-z,barley,243080,45.962402,2025-02-24 17:11:38,1.0769663,144679,6796,Field-C,1.0769663,67.96,3147.7686,2025-02-24 16:30:00,0.61917543,20.085999,2025-02-24 20:23:54,6.918472,Field-C,0.22,470,6200,67.96,-3052.2314,0.31917346,7.450961
1005,l_per_ha,F-200,sprayer-z,corn,285676,42.11127,2025-02-24 22:55:25,1.3928236,92112,9208,Field-C,1.3928236,92.08,2187.348,2025-02-24 21:00:00,0.6664081,13.447191,2025-02-24 23:37:56,4.3767223,Field-C,0.28,520,8200,92.08,-6012.6523,0.14739117,6.096002
1019,l_per_ha,F-100,sprayer-z,soy,234617,41.073006,2025-02-25 18:57:48,1.4175605,164566,9825,Field-C,1.4175605,98.25,4006.6704,2025-02-25 18:30:00,0.703438,17.350956,2025-02-25 22:33:22,3.2232811,Field-C,0.35,450,3600,98.25,406.6704,0.67740077,4.5691957
1001,l_per_ha,F-100,sprayer-z,wheat,227735,48.328606,2025-02-26 02:28:24,1.636524,165494,11059,Field-C,1.636524,110.59,3424.3486,2025-02-26 01:30:00,0.729513,14.772833,2025-02-26 11:50:08,5.137767,Field-C,0.24,480,7000,110.59,-3575.6514,0.41316298,8.408078
1018,l_per_ha,F-300,sprayer-y,wheat,277403,41.299244,2025-02-27 03:24:02,1.1165472,152192,6996,Field-C,1.1165472,69.96,3685.1038,,,,,,,0.24,480,7000,69.96,-3314.8962,0.45535907,
1029,l_per_ha,F-200,sprayer-x,soy,275080,24.225998,2025-02-28 11:38:53,1.0480299,66647,3773,Field-C,1.0480299,37.73,2751.0527,,,,,,,0.35,450,3600,37.73,-848.94727,0.5310289,
1014,l_per_ha,F-300,sprayer-z,wheat,252454,22.261572,2025-03-02 03:51:43,1.288149,106194,3702,Field-C,1.288149,37.02,4770.283,2025-03-02 02:30:00,0.6143462,7.307718,2025-03-02 08:39:01,6.338318,Field-C,0.24,480,7000,37.02,-2229.7168,0.57928514,8.164698
1018,l_per_ha,F-300,sprayer-x,wheat,288473,24.371687,2025-03-02 10:38:21,1.4766192,67915,5531,Field-C,1.4766192,55.31,2786.6353,,,,,,,0.24,480,7000,55.31,-4213.3647,0.27889523,
1021,l_per_ha,F-300,sprayer-y,wheat,210736,53.51963,2025-03-02 18:39:36,1.9650524,257038,14359,Field-C,1.9650524,143.59,4802.6865,2025-03-02 18:30:00,0.5967515,19.10099,2025-03-02 21:28:00,6.5642633,Field-C,0.24,480,7000,143.59,-2197.3135,0.58123875,12.899121
1010,l_per_ha,F-100,sprayer-y,corn,277430,33.36281,2025-03-03 03:20:13,1.2046745,110599,5670,Field-C,1.2046745,56.7,3315.0386,2025-03-03 03:00:00,0.5197503,16.67573,2025-03-03 11:51:30,3.5869136,Field-C,0.28,520,8200,56.7,-4884.9614,0.43795148,4.321063
1008,l_per_ha,F-100,sprayer-x,wheat,218740,50.13064,2025-03-05 13:18:57,1.3372039,228586,9044,Field-C,1.3372039,90.44,4559.806,,,,,,,0.24,480,7000,90.44,-2440.1938,0.5597363,
1003,l_per_ha,F-200,sprayer-x,wheat,264357,15.369163,2025-03-06 05:07:13,1.4560224,37906,3244,Field-C,1.4560224,32.44,2466.3672,2025-03-06 04:00:00,0.8013384,24.919422,2025-03-06 12:35:10,5.4484615,Field-C,0.24,480,7000,32.44,-4533.633,0.18552487,7.933082
1009,l_per_ha,F-300,sprayer-z,barley,210927,27.68062,2025-03-06 20:42:11,,116153,6474,Field-C,,64.74,4196.185,2025-03-06 20:30:00,0.46742374,23.4578,2025-03-06 20:50:43,7.422682,Field-C,0.22,470,6200,64.74,-2003.815,0.48834607,
1002,l_per_ha,F-300,sprayer-x,wheat,241379,57.832283,2025-03-08 07:17:03,1.517822,282105,12076,Field-C,1.517822,120.76,4877.985,,,,,,,0.24,480,7000,120.76,-2122.0151,0.58821094,
1028,l_per_ha,F-300,sprayer-x,barley,234640,22.646753,2025-03-09 16:14:25,1.291264,112358,4472,Field-C,1.291264,44.72,4961.329,2025-03-09 16:00:00,0.73433256,14.428454,2025-03-09 16:17:04,6.917387,Field-C,0.22,470,6200,44.72,-1238.6709,0.56758773,8.932173
1023,l_per_ha,F-100,sprayer-z,soy,221133,48.783325,2025-03-11 04:14:08,0.9501632,120803,5757,Field-C,0.9501632,57.57,2476.3174,2025-03-11 04:00:00,0.65234566,20.288197,2025-03-11 12:36:55,6.37904,Field-C,0.35,450,3600,57.57,-1123.6826,0.47943422,6.0611286
1005,l_per_ha,F-100,sprayer-y,soy,240886,45.859848,2025-03-12 03:57:31,1.1250038,178266,7534,Field-C,1.1250038,75.34,3887.1914,2025-03-12 02:00:00,0.5501435,16.060667,2025-03-12 10:01:05,1.6106794,Field-C,0.35,450,3600,75.34,287.1914,0.66803586,1.8120204
1000,l_per_ha,F-300,sprayer-z,wheat,284946,26.053074,2025-03-12 09:07:52,2.1844273,101951,7765,Field-C,2.1844273,77.65,3913.2043,,,,,,,0.24,480,7000,77.65,-3086.7957,0.48573637,
1019,l_per_ha,F-300,sprayer-x,barley,274594,29.154818,2025-03-12 21:11:38,1.4394133,101661,5053,Field-C,1.4394133,50.53,3486.9365,2025-03-12 21:00:00,0.7787738,10.277014,2025-03-13 02:18:41,1.6090097,Field-C,0.22,470,6200,50.53,-2713.0635,0.38506433,2.31603
1025,l_per_ha,F-300,sprayer-y,corn,272419,15.922101,2025-03-13 23:43:12,1.283436,56436,2934,Field-C,1.283436,29.34,3544.507,2025-03-13 23:30:00,0.59908736,27.208857,2025-03-14 02:21:56,5.423835,Field-C,0.28,520,8200,29.34,-4655.493,0.47419375,6.9611444
1028,l_per_ha,F-200,sprayer-y,barley,285314,56.983154,2025-03-15 22:22:31,1.2060671,189790,9575,Field-C,1.2060671,95.75,3330.6333,,,,,,,0.22,470,6200,95.75,-2869.3667,0.35627818,
1015,l_per_ha,F-100,sprayer-z,soy,292175,15.555664,2025-03-17 04:35:10,0.7713533,31642,1926,Field-C,0.7713533,19.26,2034.1144,2025-03-17 03:30:00,0.6814272,16.160555,2025-03-17 11:41:59,5.950944,Field-C,0.35,450,3600,19.26,-1565.8856,0.36618513,4.59028
1027,l_per_ha,F-300,sprayer-z,soy,274478,26.737906,2025-03-17 15:39:05,0.8797064,86789,2883,Field-C,0.8797064,28.83,3245.916,2025-03-17 14:30:00,0.852234,26.65735,2025-03-17 17:20:52,3.1887982,Field-C,0.35,450,3600,28.83,-354.08398,0.6029487,2.805206
1019,l_per_ha,F-200,sprayer-z,wheat,264408,33.603954,2025-03-17 17:00:00,1.0563132,83744,5710,Field-C,1.0563132,57.1,2492.0876,2025-03-17 17:00:00,0.59487635,24.100407,2025-03-17 19:26:44,2.1959097,Field-C,0.24,480,7000,57.1,-4507.912,0.19461896,2.3195684
1006,l_per_ha,F-300,sprayer-y,barley,234959,45.91971,2025-03-19 09:13:46,,138934,8792,Field-C,,87.92,3025.5852,2025-03-19 07:30:00,0.6441004,26.836145,2025-03-19 18:31:19,7.647397,Field-C,0.22,470,6200,87.92,-3174.4148,0.29102418,
1019,l_per_ha,F-100,sprayer-y,barley,250732,55.966877,2025-03-19 15:34:17,1.2245396,151709,8755,Field-C,1.2245396,87.55,2710.6926,,,,,,,0.22,470,6200,87.55,-3489.3074,0.20925216,
1026,l_per_ha,F-200,sprayer-y,wheat,264772,55.4823,2025-03-21 02:41:11,1.4103358,233364,9837,Field-C,1.4103358,98.37,4206.098,2025-03-21 02:00:00,0.63258874,19.861523,2025-03-21 08:48:58,4.3593388,Field-C,0.24,480,7000,98.37,-2793.9019,0.5227435,6.1481314
1029,l_per_ha,F-300,sprayer-y,barley,276007,38.109833,2025-03-21 18:57:51,1.0087118,123528,4673,Field-C,1.0087118,46.73,3241.3682,2025-03-21 18:30:00,0.41203335,9.481374,2025-03-21 23:48:39,5.683917,Field-C,0.22,470,6200,46.73,-2958.6318,0.33918732,5.733434
1011,l_per_ha,F-300,sprayer-z,wheat,243881,54.835876,2025-03-21 20:46:20,1.5498859,185626,13038,Field-C,1.5498859,130.38,3385.1196,,,,,,,0.24,480,7000,130.38,-3614.8804,0.40625235,
1007,l_per_ha,F-200,sprayer-x,soy,284866,19.552868,2025-03-23 15:20:37,1.2955018,60368,3282,Field-C,1.2955018,32.82,3087.4243,,,,,,,0.35,450,3600,32.82,-512.5757,0.58201087,
1012,l_per_ha,F-100,sprayer-z,wheat,280264,14.302409,2025-03-25 05:21:20,1.2039472,68512,3057,Field-C,1.2039472,30.57,4790.242,2025-03-25 04:00:00,0.8451946,18.863024,2025-03-25 05:24:42,7.421498,Field-C,0.24,480,7000,30.57,-2209.7578,0.58062536,8.935091
1015,l_per_ha,F-100,sprayer-z,corn,216735,48.914658,2025-03-28 07:53:31,0.88426113,240649,5716,Field-C,0.88426113,57.16,4919.7725,2025-03-28 07:30:00,0.66365975,16.785372,2025-03-28 09:52:45,0.09452907,Field-C,0.28,520,8200,57.16,-3280.2275,0.62166613,0.083588384
1019,l_per_ha,F-300,sprayer-z,corn,207386,19.802177,2025-03-28 14:38:30,0.6566224,42196,2094,Field-C,0.6566224,20.94,2130.8767,,,,,,,0.28,520,8200,20.94,-6069.123,0.12668842,
1015,l_per_ha,F-100,sprayer-y,wheat,201604,6.4950175,2025-03-28 16:37:48,1.2049252,23048,1198,Field-C,1.2049252,11.98,3548.5664,,,,,,,0.24,480,7000,11.98,-3451.4336,0.43422636,
1023,l_per_ha,F-300,sprayer-z,soy,291613,21.514956,2025-03-31 12:33:20,1.3765557,77336,4553,Field-C,1.3765557,45.53,3594.523,,,,,,,0.35,450,3600,45.53,-5.477051,0.64063084,
1003,l_per_ha,F-100,sprayer-y,corn,272570,46.973553,2025-03-31 14:12:11,0.7574103,231158,5067,Field-C,0.7574103,50.67,4921.0244,,,,,,,0.28,520,8200,50.67,-3278.9756,0.6218276,
1016,l_per_ha,F-100,sprayer-z,wheat,234034,42.88958,2025-01-01 09:43:12,1.1808535,125980,6855,Field-D,1.1808535,68.55,2937.3103,2025-01-01 09:00:00,0.5853157,16.593014,2025-01-01 16:12:38,3.957261,Field-D,0.24,480,7000,68.55,-4062.6897,0.31683776,4.6729455
1029,l_per_ha,F-100,sprayer-y,corn,228677,26.7306,2025-01-01 15:47:57,0.94818145,54964,3276,Field-D,0.94818145,32.76,2056.2202,2025-01-01 15:30:00,0.8200638,25.293526,2025-01-01 21:54:29,5.317944,Field-D,0.28,520,8200,32.76,-6143.78,0.09468839,5.042376
1011,l_per_ha,F-200,sprayer-y,soy,286413,34.01017,2025-01-03 05:37:04,0.92041796,130893,4025,Field-D,0.92041796,40.25,3848.643,2025-01-03 05:00:00,0.54771006,21.92897,2025-01-03 09:03:01,6.9344106,Field-D,0.35,450,3600,40.25,248.64307,0.6650519,6.382556
1016,l_per_ha,F-200,sprayer-x,barley,212444,8.921749,2025-01-04 07:51:24,1.2324378,38769,1783,Field-D,1.2324378,17.83,4345.448,2025-01-04 07:00:00,0.86472434,11.949843,2025-01-04 09:03:28,6.444753,Field-D,0.22,470,6200,17.83,-1854.5518,0.506277,7.9427576
1010,l_per_ha,F-200,sprayer-z,corn,220066,47.859848,2025-01-04 16:26:43,1.2605525,140240,10422,Field-D,1.2605525,104.22,2930.2224,,,,,,,0.28,520,8200,104.22,-5269.7773,0.36355683,
1029,l_per_ha,F-300,sprayer-y,corn,202940,36.45131,2025-01-05 06:37:46,0.97876996,88492,5238,Field-D,0.97876996,52.38,2427.677,2025-01-05 05:30:00,0.5664451,23.556894,2025-01-05 07:47:16,2.8255858,Field-D,0.28,520,8200,52.38,-5772.323,0.23289835,2.7655985
1005,l_per_ha,F-200,sprayer-y,corn,241954,17.687351,2025-01-06 10:13:38,1.0273724,39764,2907,Field-D,1.0273724,29.07,2248.1602,,,,,,,0.28,520,8200,29.07,-5951.84,0.17131676,
1003,l_per_ha,F-100,sprayer-y,corn,271014,5.6059165,2025-01-06 10:57:15,1.7180347,18546,1647,Field-D,1.7180347,16.47,3308.2903,,,,,,,0.28,520,8200,16.47,-4891.71,0.43546802,
1027,l_per_ha,F-300,sprayer-z,wheat,244436,59.643738,2025-01-07 01:04:48,1.0991001,185528,11377,Field-D,1.0991001,113.77,3110.603,2025-01-07 00:00:00,0.66945225,11.824266,2025-01-07 09:46:15,3.0748737,Field-D,0.24,480,7000,113.77,-3889.397,0.3544828,3.379594
1015,l_per_ha,F-300,sprayer-x,soy,247685,21.57262,2025-01-07 16:13:27,0.9843387,70908,3434,Field-D,0.9843387,34.34,3286.9443,,,,,,,0.35,450,3600,34.34,-313.05566,0.6074584,
1029,l_per_ha,F-200,sprayer-z,wheat,212623,17.979849,2025-01-07 21:28:43,,45952,4412,Field-D,,44.12,2555.75,,,,,,,0.24,480,7000,44.12,-4444.25,0.2134503,
1014,l_per_ha,F-200,sprayer-y,wheat,250179,24.672544,2025-01-07 23:42:46,1.0038427,108353,4021,Field-D,1.0038427,40.21,4391.6426,2025-01-07 23:00:00,0.6818945,18.586674,2025-01-08 00:49:56,4.696538,Field-D,0.24,480,7000,40.21,-2608.3574,0.54304326,4.7145853
1004,l_per_ha,F-100,sprayer-z,corn,255376,42.47312,2025-01-08 04:54:23,1.4684036,204290,9882,Field-D,1.4684036,98.82,4809.8657,,,,,,,0.28,520,8200,98.82,-3390.1343,0.6121613,
1005,l_per_ha,F-300,sprayer-y,soy,298022,37.034462,2025-01-08 10:01:47,1.3282166,125911,7204,Field-D,1.3282166,72.04,3399.8335,2025-01-08 10:00:00,0.40985262,15.020881,2025-01-08 16:45:42,4.1285295,Field-D,0.35,450,3600,72.04,-200.1665,0.6201955,5.483581
1028,l_per_ha,F-100,sprayer-x,barley,299690,31.487537,2025-01-08 15:11:34,1.5867292,127782,7568,Field-D,1.5867292,75.68,4058.177,2025-01-08 15:00:00,0.73104906,21.481344,2025-01-08 21:12:03,6.035717,Field-D,0.22,470,6200,75.68,-2141.823,0.4708736,9.577048
1006,l_per_ha,F-100,sprayer-y,corn,213120,10.653873,2025-01-10 04:05:28,0.51370406,27008,945,Field-D,0.51370406,9.45,2535.0405,2025-01-10 03:00:00,0.6049075,15.19103,2025-01-10 06:44:51,4.81856,Field-D,0.28,520,8200,9.45,-5664.9595,0.26616132,2.475314
1001,l_per_ha,F-100,sprayer-x,wheat,288208,47.592945,2025-01-10 20:02:59,1.2528225,107172,9532,Field-D,1.2528225,95.32,2251.8462,2025-01-10 19:00:00,0.45609227,11.587374,2025-01-11 04:24:24,3.7458422,Field-D,0.24,480,7000,95.32,-4748.154,0.10813396,4.6928754
1013,l_per_ha,F-100,sprayer-y,barley,219514,47.360622,2025-01-11 06:27:53,0.90221316,211259,5483,Field-D,0.90221316,54.83,4460.6465,,,,,,,0.22,470,6200,54.83,-1739.3535,0.5198844,
1022,l_per_ha,F-200,sprayer-y,barley,242485,13.485572,2025-01-11 17:46:52,0.9374994,38131,1605,Field-D,0.9374994,16.05,2827.5405,,,,,,,0.22,470,6200,16.05,-3372.4595,0.24253124,
1027,l_per_ha,F-200,sprayer-x,soy,247616,18.569878,2025-01-16 07:48:30,1.5277992,50742,4975,Field-D,1.5277992,49.75,2732.4897,2025-01-16 07:30:00,0.33019277,14.59656,2025-01-16 12:48:33,5.7346153,Field-D,0.35,450,3600,49.75,-867.51025,0.5266702,8.761341
1018,l_per_ha,F-300,sprayer-x,wheat,234231,33.972527,2025-01-19 04:16:28,1.9820352,79592,11535,Field-D,1.9820352,115.35,2342.8342,2025-01-19 03:00:00,0.2806337,20.254086,2025-01-19 09:20:56,6.5238304,Field-D,0.24,480,7000,115.35,-4657.166,0.1402945,12.930461
1007,l_per_ha,F-100,sprayer-y,barley,269164,40.224155,2025-01-22 18:31:44,1.0969783,100163,5408,Field-D,1.0969783,54.08,2490.1206,,,,,,,0.22,470,6200,54.08,-3709.8794,0.13960999,
1028,l_per_ha,F-300,sprayer-x,soy,296672,39.475372,2025-01-23 03:11:28,1.1689851,181621,7592,Field-D,1.1689851,75.92,4600.868,2025-01-23 02:30:00,0.46431735,11.835988,2025-01-23 04:21:08,3.5122063,Field-D,0.35,450,3600,75.92,1000.86816,0.7193553,4.105717
1026,l_per_ha,F-300,sprayer-x,barley,269327,36.28586,2025-01-24 16:01:51,1.170418,89684,5217,Field-D,1.170418,52.17,2471.5964,2025-01-24 15:30:00,0.6081389,24.407969,2025-01-24 19:40:29,5.7478895,Field-D,0.22,470,6200,52.17,-3728.4036,0.13299,6.7274337
1015,l_per_ha,F-300,sprayer-y,soy,292012,51.738407,2025-01-24 17:54:22,0.6955272,127586,4968,Field-D,0.6955272,49.68,2465.9824,,,,,,,0.35,450,3600,49.68,-1134.0176,0.47750732,
1005,l_per_ha,F-200,sprayer-y,wheat,204730,12.213534,2025-01-25 04:31:52,1.3697828,52186,2243,Field-D,1.3697828,22.43,4272.801,2025-01-25 04:00:00,0.4758339,16.737661,2025-01-25 11:17:48,4.833065,Field-D,0.24,480,7000,22.43,-2727.1992,0.53013206,6.6202493
1018,l_per_ha,F-200,sprayer-y,barley,213602,55.223457,2025-01-26 00:31:39,0.87006205,257084,7961,Field-D,0.87006205,79.61,4655.341,2025-01-26 00:00:00,0.29408103,20.934048,2025-01-26 08:20:27,2.8814216,Field-D,0.22,470,6200,79.61,-1544.6592,0.53968644,2.5070155
1007,l_per_ha,F-300,sprayer-y,wheat,224592,40.016865,2025-01-26 14:36:29,2.1686025,97471,11133,Field-D,2.1686025,111.33,2435.748,2025-01-26 14:30:00,0.8301801,32.893623,2025-01-26 18:43:01,4.824091,Field-D,0.24,480,7000,111.33,-4564.252,0.17413786,10.461535
1009,l_per_ha,F-200,sprayer-y,corn,225828,56.31134,2025-01-28 03:54:55,1.6402227,182183,13435,Field-D,1.6402227,134.35,3235.2808,,,,,,,0.28,520,8200,134.35,-4964.719,0.42333788,
1022,l_per_ha,F-300,sprayer-z,corn,270389,17.939102,2025-01-28 13:42:14,0.81748664,83861,2337,Field-D,0.81748664,23.37,4674.7603,,,,,,,0.28,520,8200,23.37,-3525.2397,0.6017346,
1017,l_per_ha,F-300,sprayer-y,barley,207048,52.694477,2025-01-28 23:40:36,1.7565765,237799,15170,Field-D,1.7565765,151.7,4512.788,2025-01-28 22:30:00,0.81280273,26.554123,2025-01-29 04:59:18,3.5114317,Field-D,0.22,470,6200,151.7,-1687.2119,0.52369815,6.1680984
1022,l_per_ha,F-300,sprayer-z,wheat,268138,46.09984,2025-01-29 07:12:48,1.0493395,107153,7181,Field-D,1.0493395,71.81,2324.3682,2025-01-29 05:30:00,0.52739614,23.21516,2025-01-29 09:58:51,3.173383,Field-D,0.24,480,7000,71.81,-4675.632,0.13675876,3.3299563
1018,l_per_ha,F-300,sprayer-y,corn,226733,13.546842,2025-01-30 00:35:00,,62122,3313,Field-D,,33.13,4585.7183,,,,,,,0.28,520,8200,33.13,-3614.2817,0.5931113,
1013,l_per_ha,F-300,sprayer-y,corn,203446,15.19564,2025-01-30 19:11:28,1.7402225,39864,3369,Field-D,1.7402225,33.69,2623.384,,,,,,,0.28,520,8200,33.69,-5576.616,0.2890629,
1017,l_per_ha,F-200,sprayer-y,barley,209005,20.038633,2025-01-31 01:43:15,0.92490816,49623,2429,Field-D,0.92490816,24.29,2476.3665,2025-01-31 00:00:00,0.6744498,22.460155,2025-01-31 06:19:01,3.72019,Field-D,0.22,470,6200,24.29,-3723.6335,0.13507408,3.440834
1008,l_per_ha,F-300,sprayer-x,soy,211136,29.252945,2025-02-01 07:44:52,1.4129581,125816,4990,Field-D,1.4129581,49.9,4300.9688,2025-02-01 07:00:00,0.6275636,20.633144,2025-02-01 08:17:17,3.9058676,Field-D,0.35,450,3600,49.9,700.96875,0.69993085,5.5188274
1020,l_per_ha,F-200,sprayer-y,wheat,299390,11.089834,2025-02-04 13:16:49,1.0926559,36782,1556,Field-D,1.0926559,15.56,3316.7312,,,,,,,0.24,480,7000,15.56,-3683.2688,0.395234,
1010,l_per_ha,F-100,sprayer-x,soy,243565,23.345245,2025-02-04 18:27:21,1.4953779,83550,4248,Field-D,1.4953779,42.48,3578.8872,2025-02-04 17:30:00,0.5410505,17.623016,2025-02-04 19:16:41,0.66950554,Field-D,0.35,450,3600,42.48,-21.112793,0.63929754,1.0011638
1011,l_per_ha,F-100,sprayer-z,wheat,240021,54.81855,2025-02-05 07:31:02,1.8773835,187157,14313,Field-D,1.8773835,143.13,3414.118,,,,,,,0.24,480,7000,143.13,-3585.882,0.41101068,
1002,l_per_ha,F-200,sprayer-x,corn,203716,27.158379,2025-02-05 07:57:25,1.2357898,95225,5959,Field-D,1.2357898,59.59,3506.2844,,,,,,,0.28,520,8200,59.59,-4693.716,0.4681039,
1021,ml_per_m2,F-300,sprayer-z,wheat,294411,39.084568,2025-02-05 17:23:25,,187913,7314,Field-D,,73.14,4807.857,,,,,,,0.24,480,7000,73.14,-2192.143,0.58239245,
1028,l_per_ha,F-100,sprayer-z,soy,269992,17.521362,2025-02-05 20:52:24,0.9168059,52175,2763,Field-D,0.9168059,27.63,2977.7935,2025-02-05 20:00:00,0.4790871,16.38132,2025-02-06 03:08:43,0.23774181,Field-D,0.35,450,3600,27.63,-622.20654,0.56671953,0.2179631
1029,l_per_ha,F-300,sprayer-x,soy,247162,45.340652,2025-02-06 17:09:16,1.6077305,122471,12132,Field-D,1.6077305,121.32,2701.13,,,,,,,0.35,450,3600,121.32,-898.8701,0.5211784,
1023,l_per_ha,F-300,sprayer-y,soy,253354,32.258278,2025-02-07 12:22:58,1.0693069,121254,4346,Field-D,1.0693069,43.46,3758.8489,,,,,,,0.35,450,3600,43.46,158.84888,0.65692586,
1029,l_per_ha,F-200,sprayer-x,corn,264734,59.715332,2025-02-07 14:20:52,1.0610801,206039,9328,Field-D,1.0610801,93.28,3450.3535,2025-02-07 14:00:00,0.6256712,17.106174,2025-02-07 16:07:42,5.4832993,Field-D,0.28,520,8200,93.28,-4749.6465,0.460136,5.8182197
1000,l_per_ha,F-300,sprayer-y,barley,221918,40.364914,2025-02-08 04:51:23,1.1964314,139266,6322,Field-D,1.1964314,63.22,3450.1746,,,,,,,0.22,470,6200,63.22,-2749.8254,0.37873206,
1028,l_per_ha,F-100,sprayer-x,wheat,241002,44.864925,2025-02-09 10:54:51,1.1598277,162070,6513,Field-D,1.1598277,65.13,3612.3987,2025-02-09 09:30:00,0.34045073,9.956452,2025-02-09 10:47:30,3.0680852,Field-D,0.24,480,7000,65.13,-3387.6013,0.44467676,3.5584502
1010,l_per_ha,F-100,sprayer-x,corn,245224,16.647469,2025-02-10 00:03:47,1.1656742,81145,3021,Field-D,1.1656742,30.21,4874.3145,2025-02-09 23:00:00,0.8021771,13.524784,2025-02-10 03:16:41,1.7206655,Field-D,0.28,520,8200,30.21,-3325.6855,0.6176644,2.0057354
1011,l_per_ha,F-300,sprayer-x,wheat,275502,8.186994,2025-02-10 08:12:37,1.4311548,23251,2076,Field-D,1.4311548,20.76,2839.9924,2025-02-10 07:30:00,0.2,14.98535,2025-02-10 12:09:18,4.593768,Field-D,0.24,480,7000,20.76,-4160.008,0.2920525,6.5743937
1004,l_per_ha,F-100,sprayer-x,barley,213388,16.212334,2025-02-10 19:05:04,1.5990887,32436,3126,Field-D,1.5990887,31.26,2000.6989,,,,,,,0.22,470,6200,31.26,-4199.3013,-0.07218935,
1013,l_per_ha,F-300,sprayer-x,wheat,204428,51.513466,2025-02-12 01:12:59,0.9103455,126415,7906,Field-D,0.9103455,79.06,2454.0186,,,,,,,0.24,480,7000,79.06,-4545.9814,0.18240438,
1003,l_per_ha,F-100,sprayer-z,wheat,216827,32.51153,2025-02-14 14:55:52,1.2046815,67738,5513,Field-D,1.2046815,55.13,2083.5068,2025-02-14 13:00:00,0.6720701,15.530322,2025-02-14 16:09:41,7.355141,Field-D,0.24,480,7000,55.13,-4916.493,0.03668878,8.860602
1002,l_per_ha,F-300,sprayer-y,barley,252491,59.935574,2025-02-14 17:20:23,1.4892426,290632,12396,Field-D,1.4892426,123.96,4849.073,2025-02-14 16:00:00,0.54621726,24.799147,2025-02-14 21:47:38,3.2524529,Field-D,0.22,470,6200,123.96,-1350.9268,0.55748975,4.8436913
1006,l_per_ha,F-200,sprayer-y,soy,220594,21.663055,2025-02-15 03:46:05,0.8111741,75869,2574,Field-D,0.8111741,25.74,3502.23,,,,,,,0.35,450,3600,25.74,-97.77002,0.6319176,
1005,l_per_ha,F-100,sprayer-x,wheat,212399,18.513485,2025-02-15 17:40:04,0.55029094,48417,1511,Field-D,0.55029094,15.11,2615.2288,,,,,,,0.24,480,7000,15.11,-4384.7715,0.23394822,
1019,l_per_ha,F-300,sprayer-x,wheat,270505,12.198968,2025-02-15 17:57:00,1.5929374,43011,2646,Field-D,1.5929374,26.46,3525.79,,,,,,,0.24,480,7000,26.46,-3474.21,0.43018797,
1003,l_per_ha,F-300,sprayer-y,corn,283993,54.207832,2025-02-16 17:40:11,1.4787904,170516,12364,Field-D,1.4787904,123.64,3145.597,2025-02-16 16:30:00,0.5677239,17.052607,2025-02-16 20:07:58,4.9838943,Field-D,0.28,520,8200,123.64,-5054.4033,0.407016,7.3701353
1011,l_per_ha,F-200,sprayer-y,wheat,242118,16.930387,2025-02-18 00:32:03,0.6468812,64661,1382,Field-D,0.6468812,13.82,3819.2275,2025-02-17 23:30:00,0.55163896,21.311548,2025-02-18 11:28:05,5.900304,Field-D,0.24,480,7000,13.82,-3180.7725,0.47544333,3.8167958
1025,l_per_ha,F-200,sprayer-y,wheat,223545,45.13984,2025-02-18 13:22:45,1.2331073,123910,9546,Field-D,1.2331073,95.46,2745.0254,,,,,,,0.24,480,7000,95.46,-4254.9746,0.26819932,
1020,l_per_ha,F-200,sprayer-x,soy,244719,17.108685,2025-02-19 18:42:15,1.36836,82071,3426,Field-D,1.36836,34.26,4797.0376,,,,,,,0.35,450,3600,34.26,1197.0376,0.7307848,
1002,l_per_ha,F-100,sprayer-z,barley,287864,40.146496,2025-02-19 22:23:18,1.1053611,94223,5759,Field-D,1.1053611,57.59,2346.9795,2025-02-19 22:00:00,0.8617164,14.148553,2025-02-20 08:47:06,4.5667505,Field-D,0.22,470,6200,57.59,-3853.0205,0.086960904,5.0479083
1022,l_per_ha,F-200,sprayer-y,corn,295854,25.400177,2025-02-20 05:57:54,0.7790562,104773,3430,Field-D,0.7790562,34.3,4124.8926,2025-02-20 05:30:00,0.8912727,12.497921,2025-02-20 06:44:01,6.1842866,Field-D,0.28,520,8200,34.3,-4075.1074,0.5486027,4.817907
1002,l_per_ha,F-200,sprayer-y,corn,211442,13.108427,2025-02-20 21:02:14,1.111778,49494,1753,Field-D,1.111778,17.53,3775.739,,,,,,,0.28,520,8200,17.53,-4424.2607,0.506873,
1008,l_per_ha,F-200,sprayer-z,barley,239512,54.824623,2025-02-21 11:49:34,1.0124998,154572,7621,Field-D,1.0124998,76.21,2819.3901,2025-02-21 10:30:00,0.7020602,13.351829,2025-02-21 11:45:34,6.3345885,Field-D,0.22,470,6200,76.21,-3380.6099,0.24001925,6.4137697
1023,l_per_ha,F-100,sprayer-x,barley,293767,21.819012,2025-02-26 14:35:46,1.2676135,46785,4160,Field-D,1.2676135,41.6,2144.231,2025-02-26 14:30:00,0.63614684,18.197306,2025-02-26 17:28:05,4.598925,Field-D,0.22,470,6200,41.6,-4055.769,-0.00037263043,5.8296595
1028,l_per_ha,F-300,sprayer-y,barley,277379,5.031247,2025-02-27 10:36:00,1.5995183,17368,1290,Field-D,1.5995183,12.9,3452.0269,2025-02-27 09:00:00,0.767251,10.59794,2025-02-27 17:52:39,4.327886,Field-D,0.22,470,6200,12.9,-2747.9731,0.37775165,6.922533
1029,l_per_ha,F-300,sprayer-x,barley,256352,21.29648,2025-02-28 14:02:50,0.93279624,98936,2849,Field-D,0.93279624,28.49,4645.6504,,,,,,,0.22,470,6200,28.49,-1554.3496,0.5388279,
1029,l_per_ha,F-100,sprayer-x,corn,228124,42.542347,2025-03-02 10:41:01,0.36794832,140731,2152,Field-D,0.36794832,21.52,3308.0215,2025-03-02 10:30:00,0.6785742,10.29225,2025-03-02 13:09:44,1.3618014,Field-D,0.28,520,8200,21.52,-4891.9785,0.43804795,0.5010725
1018,l_per_ha,F-100,sprayer-x,soy,232986,55.692673,2025-03-02 18:01:41,1.2969356,118053,12494,Field-D,1.2969356,124.94,2119.7222,2025-03-02 16:30:00,0.80927324,12.500293,2025-03-02 18:29:13,3.8992484,Field-D,0.35,450,3600,124.94,-1480.2778,0.39042765,5.057074
1028,l_per_ha,F-300,sprayer-z,barley,213243,54.91827,2025-03-04 00:34:46,1.470156,178631,9964,Field-D,1.470156,99.64,3252.67,2025-03-04 00:00:00,0.5045691,17.163994,2025-03-04 10:11:32,5.3496723,Field-D,0.22,470,6200,99.64,-2947.33,0.3406615,7.8648524
1011,l_per_ha,F-200,sprayer-y,corn,207349,46.21441,2025-03-04 04:07:40,,175608,8408,Field-D,,84.08,3799.854,2025-03-04 03:30:00,0.67789394,12.619394,2025-03-04 08:34:37,6.1945753,Field-D,0.28,520,8200,84.08,-4400.146,0.50954944,
1012,l_per_ha,F-200,sprayer-x,wheat,254931,45.508778,2025-03-05 06:33:08,1.0724679,169503,8541,Field-D,1.0724679,85.41,3724.622,,,,,,,0.24,480,7000,85.41,-3275.378,0.46093327,
1008,l_per_ha,F-100,sprayer-y,soy,236757,48.615273,2025-03-06 00:51:05,1.0272862,213873,6940,Field-D,1.0272862,69.4,4399.2964,,,,,,,0.35,450,3600,69.4,799.2964,0.70681834,
1009,l_per_ha,F-200,sprayer-y,corn,257429,33.71688,2025-03-06 04:38:15,1.3697786,120634,6070,Field-D,1.3697786,60.7,3577.8518,2025-03-06 04:30:00,0.84211624,14.227087,2025-03-06 16:14:02,4.7462254,Field-D,0.28,520,8200,60.7,-4622.1484,0.4791365,6.501278
1008,l_per_ha,F-100,sprayer-x,soy,238270,27.674223,2025-03-08 02:57:01,1.0478551,91578,4316,Field-D,1.0478551,43.16,3309.1445,2025-03-08 02:00:00,0.67239016,25.185417,2025-03-08 06:15:57,5.481062,Field-D,0.35,450,3600,43.16,-290.85547,0.6101197,5.743359
1015,l_per_ha,F-200,sprayer-z,corn,222544,5.9823527,2025-03-08 12:46:49,0.95585495,29152,995,Field-D,0.95585495,9.95,4872.999,2025-03-08 11:00:00,0.5935461,14.546652,2025-03-08 21:58:52,4.337558,Field-D,0.28,520,8200,9.95,-3327.001,0.6176722,4.146076
1009,l_per_ha,F-100,sprayer-z,corn,282171,14.334276,2025-03-08 14:06:29,0.8346196,58362,1746,Field-D,0.8346196,17.46,4071.4998,2025-03-08 14:00:00,0.4651494,26.285326,2025-03-08 19:45:04,3.4285903,Field-D,0.28,520,8200,17.46,-4128.5,0.5427992,2.8615687
1027,l_per_ha,F-200,sprayer-x,soy,259036,6.1635804,2025-03-08 19:24:24,1.7257103,25426,1610,Field-D,1.7257103,16.1,4125.1997,2025-03-08 18:30:00,0.708299,17.237228,2025-03-09 00:10:31,7.1424837,Field-D,0.35,450,3600,16.1,525.1997,0.68651766,12.325857
1004,l_per_ha,F-200,sprayer-y,corn,285185,18.523157,2025-03-08 22:19:16,1.4865674,58756,4480,Field-D,1.4865674,44.8,3172.0295,,,,,,,0.28,520,8200,44.8,-5027.9707,0.41180226,
1006,l_per_ha,F-300,sprayer-x,barley,268975,19.168694,2025-03-09 11:57:51,1.9038241,87511,6391,Field-D,1.9038241,63.91,4565.3086,2025-03-09 10:30:00,0.74359083,9.32737,2025-03-09 18:12:10,7.0360503,Field-D,0.22,470,6200,63.91,-1634.6914,0.5287244,13.395402
1021,l_per_ha,F-300,sprayer-z,soy,257587,14.650424,2025-03-09 23:30:47,1.6056323,35628,3290,Field-D,1.6056323,32.9,2431.875,2025-03-09 23:30:00,0.6855003,25.012735,2025-03-10 08:35:24,2.0405302,Field-D,0.35,450,3600,32.9,-1168.125,0.46866903,3.2763412
1016,l_per_ha,F-200,sprayer-x,barley,299353,40.115715,2025-03-10 15:24:49,1.2970513,107617,6538,Field-D,1.2970513,65.38,2682.6646,2025-03-10 15:00:00,0.70361143,17.347202,2025-03-10 21:51:07,7.3149467,Field-D,0.22,470,6200,65.38,-3517.3354,0.20087975,9.487861
1025,l_per_ha,F-100,sprayer-z,barley,228375,32.386253,2025-03-11 11:44:47,1.4305791,148266,6698,Field-D,1.4305791,66.98,4578.0537,2025-03-11 10:30:00,0.54956067,21.44202,2025-03-11 20:37:01,6.0224495,Field-D,0.22,470,6200,66.98,-1621.9463,0.5312933,8.61559
1002,l_per_ha,F-200,sprayer-y,soy,200092,17.691048,2025-03-11 23:03:40,1.1368926,40096,3585,Field-D,1.1368926,35.85,2266.4573,,,,,,,0.35,450,3600,35.85,-1333.5427,0.43016613,
1021,l_per_ha,F-100,sprayer-x,barley,221218,30.985777,2025-03-11 23:26:13,1.0474944,74853,5665,Field-D,1.0474944,56.65,2415.7212,,,,,,,0.22,470,6200,56.65,-3784.2788,0.112201445,
1006,l_per_ha,F-100,sprayer-y,barley,225928,35.22215,2025-03-13 06:39:53,0.8908801,107372,5006,Field-D,0.8908801,50.06,3048.4229,2025-03-13 06:30:00,0.5178817,16.160759,2025-03-13 10:34:04,1.8844953,Field-D,0.22,470,6200,50.06,-3151.5771,0.29707128,1.6788594
1019,l_per_ha,F-100,sprayer-y,wheat,221507,49.64638,2025-03-13 10:21:12,1.4137957,112669,8725,Field-D,1.4137957,87.25,2269.4304,2025-03-13 10:00:00,0.4538369,23.792324,2025-03-14 16:31:36,5.7857027,Field-D,0.24,480,7000,87.25,-4730.5693,0.115494885,8.179802
1005,l_per_ha,F-100,sprayer-y,corn,223667,7.527979,2025-03-15 07:37:08,1.1042036,26265,1035,Field-D,1.1042036,10.35,3488.9844,,,,,,,0.28,520,8200,10.35,-4711.0156,0.46630514,
1016,l_per_ha,F-300,sprayer-y,wheat,281352,56.634293,2025-03-17 12:23:26,1.522924,120866,12758,Field-D,1.522924,127.58,2134.1487,2025-03-17 10:30:00,0.58267057,26.965765,2025-03-17 10:38:28,5.236398,Field-D,0.24,480,7000,127.58,-4865.8516,0.058460064,7.974636
1012,l_per_ha,F-300,sprayer-y,corn,265397,46.830032,2025-03-17 18:42:19,1.751279,160201,11090,Field-D,1.751279,110.9,3420.903,,,,,,,0.28,520,8200,110.9,-4779.0967,0.45464674,
1009,l_per_ha,F-100,sprayer-z,barley,297804,49.14963,2025-03-18 16:21:12,1.1021131,227810,9477,Field-D,1.1021131,94.77,4635.0293,2025-03-18 16:00:00,0.26060802,11.016026,2025-03-19 01:32:18,3.3813016,Field-D,0.22,470,6200,94.77,-1564.9707,0.53719205,3.726577
1005,l_per_ha,F-100,sprayer-y,barley,214228,9.769132,2025-03-18 18:00:26,1.3671638,39717,1671,Field-D,1.3671638,16.71,4065.561,,,,,,,0.22,470,6200,16.71,-2134.439,0.47260937,
1015,l_per_ha,F-200,sprayer-x,soy,233092,53.59414,2025-03-20 00:17:27,0.9415682,244223,8356,Field-D,0.9415682,83.56,4556.8975,2025-03-20 00:00:00,0.6993569,18.443708,2025-03-20 03:57:12,0.0,Field-D,0.35,450,3600,83.56,956.89746,0.7168756,0.0
1005,l_per_ha,F-200,sprayer-z,corn,243400,44.05093,2025-03-20 18:00:39,0.91531336,187124,6021,Field-D,0.91531336,60.21,4247.9014,2025-03-20 17:00:00,0.5338416,21.091215,2025-03-21 03:13:48,5.4031653,Field-D,0.28,520,8200,60.21,-3952.0986,0.5616602,4.9455895
1003,l_per_ha,F-200,sprayer-y,wheat,277337,28.379498,2025-03-21 18:37:48,1.0997719,140935,5172,Field-D,1.0997719,51.72,4966.085,2025-03-21 18:00:00,0.5011849,19.975582,2025-03-21 18:31:28,4.11127,Field-D,0.24,480,7000,51.72,-2033.915,0.59573925,4.521459
1001,l_per_ha,F-300,sprayer-z,wheat,203491,43.144726,2025-03-22 14:34:16,1.5796052,159624,10411,Field-D,1.5796052,104.11,3699.734,2025-03-22 14:00:00,0.7347001,12.078405,2025-03-22 19:58:45,6.798894,Field-D,0.24,480,7000,104.11,-3300.266,0.45670298,10.739569
1011,l_per_ha,F-100,sprayer-y,soy,218181,12.427095,2025-03-23 20:37:58,0.9206463,57991,1470,Field-D,0.9206463,14.7,4666.4966,2025-03-23 20:00:00,0.79976475,8.764736,2025-03-24 04:44:06,7.0163465,Field-D,0.35,450,3600,14.7,1066.4966,0.72375554,6.4595733
1006,l_per_ha,F-100,sprayer-z,wheat,297104,30.752728,2025-03-25 19:48:41,0.91841567,80877,4403,Field-D,0.91841567,44.03,2629.913,2025-03-25 18:00:00,0.5562366,17.601921,2025-03-25 20:46:50,8.882159,Field-D,0.24,480,7000,44.03,-4370.087,0.2372502,8.157515
1022,l_per_ha,F-100,sprayer-x,barley,245480,27.766167,2025-03-26 02:51:07,1.1358459,135808,4842,Field-D,1.1358459,48.42,4891.1323,2025-03-26 01:30:00,0.46051463,13.448159,2025-03-26 01:30:02,1.8836775,Field-D,0.22,470,6200,48.42,-1308.8677,0.5615963,2.1395674
1017,l_per_ha,F-100,sprayer-z,corn,255134,16.074158,2025-03-26 10:07:51,1.5430669,60641,4140,Field-D,1.5430669,41.4,3772.5771,2025-03-26 10:00:00,0.70216095,21.575264,2025-03-26 21:18:37,6.106053,Field-D,0.28,520,8200,41.4,-4427.423,0.50528747,9.422048
1009,l_per_ha,F-300,sprayer-x,wheat,240284,32.1735,2025-03-27 11:51:30,0.34626263,152080,1886,Field-D,0.34626263,18.86,4726.8716,,,,,,,0.24,480,7000,18.86,-2273.1284,0.5763704,
1003,l_per_ha,F-300,sprayer-x,soy,262356,44.15548,2025-03-28 12:53:22,1.377705,208506,7709,Field-D,1.377705,77.09,4722.0864,2025-03-28 12:30:00,0.31056002,6.1446185,2025-03-28 16:20:35,2.4352937,Field-D,0.35,450,3600,77.09,1122.0864,0.7266669,3.3551161
1013,l_per_ha,F-200,sprayer-x,corn,224262,22.289137,2025-03-31 00:31:38,1.0381055,98201,3991,Field-D,1.0381055,39.91,4405.7783,2025-03-31 00:00:00,0.535932,8.963161,2025-03-31 10:38:00,4.190942,Field-D,0.28,520,8200,39.91,-3794.2217,0.5770242,4.35064
1016,l_per_ha,F-300,sprayer-y,corn,285657,10.235314,2025-03-31 21:17:08,1.3563316,50017,2084,Field-D,1.3563316,20.84,4886.7085,,,,,,,0.28,520,8200,20.84,-3313.2915,0.6184723,
