log_id,farm_id,field_id,logged_at,crop,equipment,operator_id,area_ha,dose_val,dosage_unit,spray_cost,yield_mass
216339,F-300,Field-C,2025-02-09 14:35:29,soy,sprayer-z,1005,41.75819074373346,0.8075745849655109,l_per_ha,4708.0,199989
292597,F-100,Field-A,2025-02-28 11:17:38,corn,sprayer-y,1028,25.720370433118205,0.9461553061927985,l_per_ha,4578.0,55989
259683,F-300,Field-D,2025-02-19 18:42:15,soy,sprayer-z,1004,39.02931279933031,1.0347588787335515,l_per_ha,5630.0,213751
276036,F-100,Field-D,2025-03-28 12:53:22,soy,sprayer-x,1000,7.205225543002676,2.3736360255717277,ml_per_m2,3297.0,16107
260266,F-100,Field-A,2025-02-28 20:51:40,soy,sprayer-x,1012,30.394995845148017,2.043981448165501,ml_per_m2,12197.0,74924
235548,F-200,Field-D,2025-02-07 12:22:58,soy,SPRAYER-X,1012,33.72379916903047,,l_per_ha,5094.0,143933
234030,F-100,Field-A,2025-03-29 06:48:02,barley,sprayer-x,1018,16.787952157024264,0.9811357461326411,l_per_ha,3329.0,25842
270120,F-300,Field-C,2025-01-10 15:39:59,barley,sprayer-z,1026,12.67930097985164,0.7716914558434307,l_per_ha,1086.0,52023
285985,F-200,Field-A,2025-03-30 14:41:19,soy,sprayer-x,1027,15.366086665676576,0.992419891147617,l_per_ha,2652.0,49400
212764,F-100,Field-B,2025-01-14 20:40:05,wheat,sprayer-x,1008,23.927759293484144,2.3278090305856916,l_per_ha,10185.0,60949
284545,F-200,Field-C,2025-01-26 22:34:22,corn,sprayer-x,1029,10.324558211773429,1.247169853030858,l_per_ha,2268.0,39530
283000,F-200,Field-C,2025-03-15 22:22:31,barley,sprayer-y,1018,57.102588765128246,1.4615803099558353,l_per_ha,14104.0,222438
210905,F-300,Field-B,2025-03-08 00:54:27,barley,sprayer-z,1002,27.274673382269953,0.5343209377116995,l_per_ha,1735.0,123569
210816,F-100,Field-D,2025-03-29 07:57:54,soy,sprayer-x,1028,49.493328137871195,2.3624273357781,l_per_ha,24373.0,74823
269503,F-300,Field-D,2025-03-09 11:57:51,barley,sprayer-z,1004,58.59294177098656,0.9533472335953284,l_per_ha,7321.0,305689
284280,F-100,Field-A,2025-02-27 07:56:18,barley,sprayer-x,1017,9.440440400150651,,l_per_ha,4841.0,17094
239383,F-200,Field-C,2025-02-01 04:25:28,barley,sprayer-y,1023,40.84182073642467,1.0255218197155185,l_per_ha,6557.0,133133
264063,F-300,Field-C,2025-01-01 10:10:44,soy,sprayer-z,1007,52.92749977076677,0.7890855188719106,l_per_ha,5729.0,213220
299971,F-200,Field-B,2025-01-12 03:33:31,corn,sprayer-x,1008,39.88289386817006,0.8517264130839783,l_per_ha,5792.0,177777
232279,F-200,Field-C,2025-01-27 19:11:55,corn,sprayer-y,1014,28.5964366746577,0.9658699636066645,l_per_ha,3953.0,122478
222502,F-100,Field-D,2025-01-04 16:26:43,corn,sprayer-x,1026,28.709199670086605,0.8,l_per_ha,4659.0,48355
299161,F-200,Field-D,2025-02-15 17:40:04,wheat,sprayer-z,1006,6.97443873040474,0.8718788814849987,l_per_ha,1057.0,25855
228052,F-300,Field-D,2025-03-11 23:03:40,soy,sprayer-z,1019,34.40304132091014,0.6615209339115133,l_per_ha,2943.0,156763
247259,F-100,Field-C,2025-03-28 16:37:48,wheat,sprayer-x,1013,59.644864823276606,1.1404194330619766,l_per_ha,14808.0,145986
244210,F-300,Field-B,2025-02-14 01:45:05,corn,sprayer-z,1003,57.72891392845637,1.2208458209370028,l_per_ha,9448.0,251724
252322,F-100,Field-D,2025-03-20 18:00:39,corn,sprayer-x,1021,7.221957586318975,1.362690798992247,ml_per_m2,2044.0,19988
226871,F-300,Field-B,2025-03-30 16:46:00,barley,sprayer-z,1024,43.81883519962185,0.5394287607164234,l_per_ha,2684.0,180258
267902,F-300,Field-C,2025-03-19 09:13:46,barley,sprayer-z,1017,21.597067668331196,0.9112823134339142,ml_per_m2,2231.0,113817
269199,F-200,Field-B,2025-02-11 20:20:33,wheat,sprayer-y,1005,54.66440343733752,0.892641326126098,l_per_ha,8691.0,217238
220055,F-200,Field-B,2025-01-30 06:33:44,barley,sprayer-y,1004,7.48131101401032,1.2492961978145747,l_per_ha,1361.0,24010
248090,F-200,Field-A,2025-03-30 00:18:02,soy,sprayer-x,1012,56.47307561060943,,l_per_ha,11062.0,206942
205736,F-100,Field-D,2025-01-22 18:31:44,barley,sprayer-x,1015,51.06116590832773,1.8820828780929093,l_per_ha,17421.0,116972
222087,F-200,Field-A,2025-02-07 01:00:14,barley,sprayer-x,1016,11.462741023893084,1.4309570679166064,l_per_ha,2305.0,38755
298721,F-300,Field-A,2025-01-07 15:54:21,soy,sprayer-z,1007,8.290338552451455,0.9341250157079586,l_per_ha,891.0,39639
250637,F-200,Field-D,2025-03-13 10:21:12,wheat,sprayer-y,1015,50.90892153798147,1.113037315357539,l_per_ha,8714.0,184625
262272,F-300,Field-C,2025-02-28 11:38:53,soy,sprayer-z,1008,13.566671903601865,0.9781450052177793,l_per_ha,1338.0,66517
288878,F-100,Field-B,2025-01-08 15:12:34,wheat,sprayer-x,1020,34.41939841367288,2.1960054686828783,l_per_ha,15517.0,93868
271374,F-200,Field-C,2025-01-20 23:21:52,wheat,sprayer-y,1023,55.365967183329026,1.0644147060439475,l_per_ha,9539.0,178003
279239,F-100,Field-B,2025-02-19 23:47:50,soy,sprayer-x,1019,36.20964624521278,2.5613391272818693,l_per_ha,18372.0,94168
271205,F-300,Field-A,2025-02-18 15:17:24,soy,sprayer-z,1000,26.847831581005327,0.6470916016104171,l_per_ha,2067.0,112687
249882,F-300,Field-C,2025-03-14 04:26:56,soy,sprayer-y,1029,29.475883016969572,0.8943833849791937,l_per_ha,3083.0,159029
263257,F-300,Field-A,2025-01-24 22:46:13,wheat,sprayer-z,1000,8.471444388712905,0.7420027292264795,l_per_ha,755.0,44587
228849,F-200,Field-C,2025-03-25 05:21:20,wheat,sprayer-z,1029,58.281377674887935,1.3695460136429307,l_per_ha,12419.0,221502
289041,F-200,Field-D,2025-02-10 00:03:47,corn,sprayer-x,1000,22.085980179459554,1.0519595372538373,l_per_ha,3281.0,79386
217988,F-100,Field-D,2025-03-16 00:46:46,soy,sprayer-x,1015,15.41499204200696,,l_per_ha,5643.0,28679
288410,F-300,Field-B,2025-01-22 10:54:11,soy,sprayer-z,1003,20.73260160122174,1.032007498358067,l_per_ha,2538.0,94017
287838,F-300,Field-D,2025-01-04 07:51:24,barley,sprayer-z,1002,58.040525719031336,1.0320885133096875,l_per_ha,8147.0,262108
214227,F-300,Field-C,2025-01-05 22:54:57,soy,sprayer-y,1020,10.185732941840385,0.6550590444698919,l_per_ha,730.0,52165
271016,F-300,Field-B,2025-02-03 13:02:13,wheat,sprayer-z,1021,52.701667227564975,1.0166216271315487,l_per_ha,6657.0,266798
298966,F-200,Field-A,2025-03-27 18:48:38,corn,sprayer-y,1003,43.93141419207963,,l_per_ha,4929.0,165944
257216,F-300,Field-B,2025-01-05 09:11:19,corn,sprayer-z,1029,50.651054853746544,0.8654257835113127,ml_per_m2,4408.0,273055
234034,F-300,Field-C,2025-02-03 04:59:33,wheat,sprayer-y,1009,58.6743647202343,0.8315694218535906,ml_per_m2,5348.0,258812
287943,F-100,Field-D,2025-01-10 20:02:59,wheat,sprayer-x,1009,51.31850605342795,1.3569349816456047,l_per_ha,13607.0,99319
251255,F-200,Field-A,2025-03-25 20:10:46,wheat,sprayer-x,1008,56.88602932028191,1.3221791681206405,l_per_ha,11137.0,235426
212169,F-300,Field-C,2025-03-02 18:39:36,wheat,sprayer-z,1013,11.981439123500587,1.0554145917981796,l_per_ha,1533.0,53649
224927,F-200,Field-D,2025-03-10 15:24:49,barley,sprayer-z,1005,48.76837108418335,1.2585311919428663,ml_per_m2,10791.0,178097
268248,F-100,Field-D,2025-03-06 04:38:15,corn,sprayer-x,1012,35.012163174457626,2.3923443580658432,l_per_ha,18190.0,57275
245536,F-100,Field-B,2025-03-01 03:10:38,wheat,sprayer-x,1006,34.89225772939234,2.128329365356131,l_per_ha,15316.0,53804
221671,F-200,Field-A,2025-03-11 15:14:12,corn,sprayer-y,1001,54.44068669762825,1.046381574204262,l_per_ha,9927.0,171357
279903,F-100,Field-B,2025-01-01 17:32:58,wheat,sprayer-x,1011,58.44921002556912,2.195227466026941,l_per_ha,25396.0,107972
212057,F-200,Field-D,2025-03-19 21:23:10,soy,sprayer-z,1020,43.766107767374955,1.122237222205475,l_per_ha,7407.0,190126
221906,F-100,Field-D,2025-03-08 14:06:29,corn,sprayer-x,1022,31.561611420948115,2.2775728409724154,ml_per_m2,14140.0,57894
246560,F-200,Field-C,2025-03-08 13:10:19,wheat,sprayer-y,1010,30.102212184601495,1.2579544739439594,ml_per_m2,6158.0,109187
203952,F-100,Field-A,2025-02-05 09:49:22,corn,sprayer-y,1009,26.248780147275,2.0490009570496914,l_per_ha,11369.0,72151
238739,F-200,Field-A,2025-03-14 01:52:57,barley,sprayer-y,1023,24.887946626496447,1.094542579457012,l_per_ha,3998.0,105461
290995,F-100,Field-B,2025-02-04 08:43:39,soy,SPRAYER-Y,1020,26.532876292643728,1.9525173447036641,l_per_ha,9563.0,59032
294117,F-100,Field-C,2025-01-05 09:45:41,corn,SPRAYER-X,1024,9.93642793881574,1.6528681188759655,l_per_ha,3492.0,15815
287195,F-200,Field-A,2025-03-23 16:53:08,corn,sprayer-z,1027,9.258984689324102,1.1809473976685194,l_per_ha,1582.0,40836
232397,F-300,Field-C,2025-01-22 02:35:45,corn,sprayer-z,1024,47.89284141297715,1.0201918569399795,l_per_ha,6034.0,243044
206487,F-300,Field-C,2025-01-10 04:06:15,wheat,sprayer-y,1028,29.534009110612438,0.7956922710427233,ml_per_m2,3289.0,138503
281490,F-100,Field-A,2025-02-25 23:17:57,barley,sprayer-y,1012,56.18764686995413,2.3167107705136747,gal_per_acre,23887.0,92097
237331,F-100,Field-A,2025-01-22 00:41:27,soy,sprayer-x,1011,38.672155472667384,1.630811709561446,l_per_ha,12248.0,80664
274882,F-200,Field-B,2025-03-19 05:33:02,barley,sprayer-z,1009,6.934679020143086,0.8350188854131785,l_per_ha,869.0,28241
211916,F-300,Field-C,2025-02-09 22:30:02,wheat,sprayer-z,1007,13.663783772461372,1.0206013706853354,l_per_ha,1583.0,67809
266792,F-200,Field-D,2025-01-01 09:43:12,wheat,sprayer-z,1022,16.320088615715417,0.8992872762701347,l_per_ha,2569.0,52207
258638,F-100,Field-B,2025-03-27 15:42:40,wheat,sprayer-x,1021,58.66548134143133,3.005463056200257,l_per_ha,33830.0,92322
292040,F-300,Field-B,2025-02-16 07:35:57,corn,sprayer-z,1024,17.02873243833992,0.907361099819391,l_per_ha,1666.0,74806
210192,F-100,Field-D,2025-01-24 16:01:51,barley,sprayer-x,1005,33.36656219584282,1.8924254171144355,l_per_ha,12714.0,83557
240792,F-300,Field-B,2025-03-02 22:56:26,corn,sprayer-z,1014,56.48973124021079,1.0209583165101137,ml_per_m2,6971.0,303115
298994,F-200,Field-B,2025-02-17 18:07:07,wheat,sprayer-y,1006,58.74560014528966,1.3832534749232561,l_per_ha,13646.0,263442
238967,F-200,Field-B,2025-01-03 15:57:06,soy,sprayer-y,1026,17.99982394609495,1.7334962720159468,l_per_ha,4526.0,74270
265804,F-300,Field-A,2025-03-10 08:50:17,corn,sprayer-z,1008,7.7014704062522075,0.7701474160779728,l_per_ha,742.0,37893
216094,F-200,Field-B,2025-02-06 02:55:40,wheat,sprayer-z,1004,13.448100789576717,0.9617869374903439,gal_per_acre,1829.0,51679
272840,F-200,Field-C,2025-03-04 23:36:20,wheat,sprayer-y,1017,8.483066328640696,1.8557591299252874,l_per_ha,2468.0,27585
227576,F-300,Field-D,2025-03-22 14:34:16,wheat,sprayer-z,1026,15.731833260078501,1.216565889354667,l_per_ha,1985.0,83869
257222,F-100,Field-C,2025-02-24 22:55:25,corn,sprayer-x,1027,36.27133430870545,1.5487467467783542,l_per_ha,12295.0,87381
287977,F-200,Field-D,2025-03-02 10:41:01,corn,sprayer-x,1002,55.1846837962603,1.4827780862699376,l_per_ha,11585.0,225706
266105,F-200,Field-C,2025-01-23 22:02:39,corn,sprayer-z,1009,34.547038603188696,1.1835886689452186,gal_per_acre,7276.0,142978
247438,F-100,Field-A,2025-01-22 09:20:31,wheat,sprayer-x,1004,39.42942561844944,0.8093663299390397,l_per_ha,6158.0,85960
219005,F-100,Field-B,2025-02-07 08:24:12,corn,sprayer-x,1009,16.10269883852476,2.5422931957319226,ml_per_m2,8998.0,25843
234135,F-300,Field-D,2025-03-18 18:00:26,barley,sprayer-z,1016,49.032099137061756,0.8610040227760426,l_per_ha,4707.0,208933
284927,F-300,Field-A,2025-02-17 04:15:24,corn,sprayer-z,1008,38.978389967807075,0.5307325977759039,l_per_ha,2095.0,159924
221611,F-100,Field-D,2025-02-01 07:44:52,soy,sprayer-x,1002,52.52752560559986,2.454196648633652,l_per_ha,28288.0,93626
265630,F-100,Field-C,2025-03-12 03:57:31,soy,sprayer-x,1015,57.18637088531813,1.726731103485811,l_per_ha,20066.0,114118
248496,F-100,Field-B,2025-03-18 19:13:28,wheat,sprayer-x,1001,24.134542666612575,2.1384793376096827,l_per_ha,10713.0,64125
232087,F-200,Field-D,2025-03-23 05:28:19,barley,sprayer-x,1006,9.981848219449164,1.4913019007877564,l_per_ha,2185.0,31221
271666,F-100,Field-D,2025-01-27 21:43:05,corn,sprayer-x,1000,17.426092685423036,1.7866975084704502,l_per_ha,5687.0,45454
236213,F-100,Field-A,2025-03-05 20:49:22,corn,sprayer-x,1002,29.081286112171046,1.7462997117997874,ml_per_m2,9255.0,75065
228669,F-200,Field-A,2025-02-23 03:05:30,wheat,sprayer-y,1013,57.01315085034603,1.0695901578830598,gal_per_acre,10477.0,212852
252925,F-200,Field-C,2025-02-10 09:46:45,corn,sprayer-x,1025,25.80704023053784,1.5873087165552406,l_per_ha,7096.0,79698
275771,F-300,Field-D,2025-02-05 17:23:25,wheat,sprayer-z,1023,47.39252675159535,0.9111878700264802,l_per_ha,5501.0,208349
286414,F-200,Field-A,2025-01-11 07:26:06,wheat,sprayer-y,1002,34.72621806939152,,l_per_ha,10293.0,121434
262978,F-100,Field-C,2025-01-25 17:37:19,barley,sprayer-x,1001,15.05448237370371,2.005858208859683,l_per_ha,5616.0,40090
266198,F-300,Field-A,2025-02-19 11:16:36,wheat,sprayer-z,1010,22.64037654243984,0.9338947742386521,ml_per_m2,2831.0,98667
278756,F-100,Field-C,2025-03-21 18:57:51,barley,sprayer-x,1019,40.92555367625503,1.983198280021929,l_per_ha,17084.0,114160
226924,F-300,Field-C,2025-03-19 23:17:52,barley,sprayer-y,1022,42.00693670766914,1.1098997211726638,l_per_ha,5766.0,215360
225090,F-300,Field-A,2025-01-17 21:12:08,barley,sprayer-z,1024,28.911786074497538,0.8622827733987981,l_per_ha,3481.0,126715
248398,F-200,Field-C,2025-03-03 03:20:13,corn,sprayer-y,1010,17.575508146416304,1.650608775552939,l_per_ha,4753.0,73605
263102,F-100,Field-D,2025-01-08 15:11:34,barley,sprayer-x,1005,44.704872873197196,2.0987781412637516,l_per_ha,17816.0,99460
264599,F-100,Field-D,2025-03-02 18:01:41,soy,sprayer-y,1000,14.288017288699312,2.6046322842126886,l_per_ha,7713.0,39428
215373,F-100,Field-A,2025-01-31 18:33:43,barley,sprayer-x,1004,56.516833052581966,2.24016714794069,ml_per_m2,23332.0,102049
278061,F-200,Field-A,2025-02-10 11:40:20,wheat,sprayer-z,1001,15.334696847006219,0.9350401106534626,gal_per_acre,2078.0,50535
236379,F-300,Field-A,2025-03-06 14:06:02,barley,sprayer-z,1025,10.902179955788624,1.2185824178245617,l_per_ha,1714.0,44626
287729,F-200,Field-B,2025-02-08 05:45:32,soy,sprayer-z,1008,32.370623630095835,1.212789307331324,l_per_ha,6796.0,131685
272436,F-300,Field-A,2025-03-14 16:03:08,corn,sprayer-z,1024,33.57522789603317,0.796597155009128,l_per_ha,3698.0,163990
298294,F-300,Field-D,2025-02-18 00:32:03,wheat,sprayer-z,1016,32.95061031280346,1.1246189260883077,l_per_ha,5184.0,139480
263166,F-300,Field-D,2025-03-31 21:17:08,corn,sprayer-z,1016,29.016711913636172,0.9617598553696332,l_per_ha,3428.0,118175
252749,F-100,Field-D,2025-02-27 10:36:00,barley,sprayer-x,1013,59.71481910562846,1.6778958748067758,ml_per_m2,20669.0,145566
218786,F-300,Field-A,2025-01-27 16:08:31,wheat,sprayer-z,1024,31.745433696882003,0.7604885586807384,l_per_ha,2933.0,155600
239866,F-200,Field-A,2025-03-11 18:37:15,corn,sprayer-y,1001,31.287061940690705,1.2872199533600466,l_per_ha,7044.0,125549
285834,F-300,Field-D,2025-02-06 17:09:16,soy,sprayer-z,1002,28.19713344930087,1.2151355184341321,l_per_ha,4432.0,147989
238202,F-200,Field-B,2025-02-18 01:48:13,wheat,SPRAYER-Y,1012,8.67541650858046,0.9765051183823075,l_per_ha,1337.0,36898
205335,F-200,Field-C,2025-01-13 07:32:02,corn,sprayer-y,1011,37.612614713228886,1.1157799797447865,l_per_ha,5960.0,121132
224513,F-300,Field-D,2025-01-11 17:46:52,barley,sprayer-z,1016,17.538227472275032,1.3213769466556293,l_per_ha,2785.0,76102
259521,F-100,Field-A,2025-02-21 17:43:24,barley,sprayer-x,1022,40.068493912597745,2.513790535276911,l_per_ha,19674.0,100054
262910,F-300,Field-A,2025-01-17 19:15:08,soy,sprayer-z,1017,7.795840407166244,0.703379614468345,l_per_ha,559.0,41990
298382,F-200,Field-A,2025-03-31 18:46:22,soy,sprayer-y,1007,58.97629056891509,1.371352219887314,l_per_ha,12007.0,249941
293385,F-300,Field-A,2025-03-19 00:15:18,wheat,sprayer-z,1009,30.79527934569697,0.8247791618880835,l_per_ha,3505.0,161401
253150,F-300,Field-A,2025-03-05 01:54:10,soy,sprayer-z,1022,54.32154543748841,0.8193674646139902,l_per_ha,6119.0,260682
255451,F-300,Field-D,2025-03-08 02:57:01,soy,sprayer-z,1006,31.155864527811413,1.0991877369644516,l_per_ha,3588.0,128956
280067,F-200,Field-C,2025-02-23 13:39:35,corn,sprayer-x,1015,8.318195021582195,0.8060496845400188,l_per_ha,999.0,31644
204864,F-200,Field-D,2025-01-06 10:13:38,corn,sprayer-y,1016,50.22174503515938,1.067847641745602,ml_per_m2,8297.0,197743
259518,F-200,Field-D,2025-02-05 07:31:02,wheat,sprayer-z,1022,40.650105131692385,1.0700302030130935,l_per_ha,7659.0,172511
247400,F-200,Field-D,2025-02-14 14:55:52,wheat,sprayer-y,1021,47.996637616566986,0.5905141294010919,l_per_ha,4750.0,145539
278308,F-300,Field-A,2025-03-24 09:02:43,corn,sprayer-z,1013,28.549342492988032,0.7237523105127899,l_per_ha,2378.0,114711
280035,F-300,Field-B,2025-01-20 18:06:03,corn,sprayer-z,1009,40.086520933565474,0.9214210060018944,l_per_ha,4195.0,175402
265559,F-300,Field-D,2025-02-14 17:20:23,barley,sprayer-z,1011,52.092595208813414,0.8995499510991686,l_per_ha,5010.0,233234
265728,F-200,Field-A,2025-01-31 23:11:01,wheat,sprayer-y,1012,39.70859935795381,1.5271979808264395,l_per_ha,10051.0,175601
269113,F-200,Field-A,2025-01-13 02:13:57,soy,sprayer-x,1006,24.12204991597468,1.569562540286791,l_per_ha,5697.0,89241
258013,F-100,Field-C,2025-01-10 06:31:07,soy,sprayer-x,1018,41.43912769014099,2.608862593725568,l_per_ha,22688.0,90258
222781,F-200,Field-D,2025-02-02 21:13:02,soy,sprayer-x,1006,41.9519803737737,1.1078618780742644,l_per_ha,6692.0,167234
228452,F-200,Field-D,2025-01-08 10:01:47,soy,sprayer-y,1019,57.83228293786438,1.237122004323417,l_per_ha,12165.0,245329
274182,F-300,Field-D,2025-01-07 01:04:48,wheat,sprayer-z,1022,25.400177684791807,0.5577053680539081,ml_per_m2,1903.0,106341
261836,F-200,Field-A,2025-02-01 13:52:32,barley,sprayer-z,1028,28.379497213277215,1.1358609414450132,l_per_ha,4611.0,93409
223790,F-300,Field-D,2025-01-19 04:16:28,wheat,sprayer-z,1003,49.666762865288256,0.8257164527835863,l_per_ha,4373.0,232354
287785,F-100,Field-D,2025-02-19 22:23:18,barley,sprayer-x,1022,32.81692731085077,2.122340962743675,l_per_ha,14354.0,54272
298064,F-300,Field-C,2025-01-02 14:09:52,wheat,sprayer-y,1002,45.511520121365315,,l_per_ha,3846.0,246460
262608,F-100,Field-D,2025-01-28 03:54:55,corn,SPRAYER-X,1010,30.284020544947563,2.2038641848090195,l_per_ha,13232.0,74943
222778,F-300,Field-D,2025-02-10 19:05:04,barley,sprayer-z,1005,16.852232799698527,0.83762173754892,l_per_ha,1542.0,83993
293828,F-200,Field-B,2025-03-28 16:23:29,corn,sprayer-z,1004,45.98621135295559,1.167529998503108,l_per_ha,8575.0,191196
223668,F-100,Field-A,2025-02-27 02:36:25,barley,sprayer-x,1005,12.213534305159046,,l_per_ha,2489.0,31496
243246,F-200,Field-B,2025-03-21 06:21:13,corn,sprayer-z,1001,15.922101494221945,1.2138174415731346,l_per_ha,2882.0,69832
285867,F-300,Field-A,2025-01-31 21:30:42,corn,sprayer-z,1024,39.475374053131475,0.9402689706429844,l_per_ha,4220.0,175328
252067,F-300,Field-A,2025-02-10 11:22:24,soy,sprayer-z,1001,46.09983901056384,1.0279872331601583,l_per_ha,6421.0,228031
224298,F-100,Field-A,2025-02-07 20:01:28,barley,sprayer-x,1011,54.207833777729824,1.5920866760077836,l_per_ha,16257.0,139006
208010,F-300,Field-C,2025-03-21 20:46:20,wheat,sprayer-z,1020,19.992257357874045,1.0935997609107728,l_per_ha,2689.0,105995
236090,F-100,Field-C,2025-03-28 07:53:31,corn,sprayer-x,1029,11.08983422303049,2.0413591009315946,ml_per_m2,4798.0,25965
267208,F-200,Field-C,2025-03-28 14:38:30,corn,sprayer-y,1025,57.582566273744604,1.8475977032114501,l_per_ha,18358.0,236895
271464,F-200,Field-C,2025-03-09 16:14:25,barley,sprayer-y,1004,13.493269841217835,1.571365106375619,l_per_ha,3447.0,42515
222294,F-200,Field-C,2025-02-15 06:43:13,soy,sprayer-y,1029,15.871684024005173,1.6233950957630134,l_per_ha,4013.0,53291
215874,F-200,Field-C,2025-02-18 16:15:01,corn,sprayer-z,1019,21.023119945715614,0.9021459576498181,l_per_ha,2708.0,80862
270145,F-100,Field-A,2025-03-30 05:54:07,wheat,SPRAYER-X,1005,34.116524471445814,2.4118604635218963,gal_per_acre,16123.0,71899
215907,F-100,Field-D,2025-01-26 14:36:29,wheat,sprayer-x,1013,53.55540613187429,1.9962163516844247,l_per_ha,22740.0,132041
206425,F-200,Field-B,2025-02-01 04:53:17,corn,sprayer-z,1027,46.83003125014268,,l_per_ha,6810.0,181389
248635,F-200,Field-A,2025-03-22 17:30:47,barley,sprayer-x,1011,43.94866546134493,1.6059220732626178,l_per_ha,11776.0,148682
257091,F-300,Field-D,2025-02-04 18:27:21,soy,sprayer-z,1005,14.634931232080202,0.7027519778966805,gal_per_acre,1388.0,80386
224369,F-300,Field-C,2025-01-22 03:48:35,corn,sprayer-z,1026,24.672544733928582,0.8341581203281985,l_per_ha,2774.0,124268
221122,F-200,Field-A,2025-02-20 10:36:50,soy,sprayer-z,1028,31.312270934767287,1.1736280537892356,l_per_ha,6187.0,115905
223565,F-300,Field-A,2025-01-30 06:44:25,wheat,sprayer-y,1029,13.10842744170722,1.2280708187796623,l_per_ha,2023.0,71387
234282,F-100,Field-A,2025-03-22 04:17:11,corn,sprayer-x,1028,20.038633616966987,1.0510927500501117,l_per_ha,3981.0,42990
200923,F-300,Field-B,2025-03-23 19:34:47,wheat,sprayer-z,1026,21.958326217406434,0.9536325561910632,l_per_ha,2523.0,114277
201175,F-100,Field-A,2025-01-28 12:58:54,corn,SPRAYER-X,1013,12.000190908097158,1.6499579851770556,l_per_ha,4150.0,30277
237044,F-300,Field-C,2025-02-17 15:48:39,corn,sprayer-z,1005,35.26318305495417,0.8200902116823143,l_per_ha,2895.0,156959
201990,F-300,Field-C,2025-03-30 13:25:24,barley,sprayer-z,1018,43.776550808830606,1.1871956249603552,l_per_ha,6153.0,187080
231825,F-300,Field-D,2025-03-08 19:24:24,soy,sprayer-z,1006,8.846239731227367,1.213155906240651,l_per_ha,1113.0,46774
258091,F-200,Field-C,2025-01-20 09:45:18,corn,sprayer-y,1014,31.46177059697324,1.1335211490005692,l_per_ha,6109.0,104148
203115,F-200,Field-C,2025-02-23 04:00:31,barley,SPRAYER-X,1019,48.02161573972873,0.6730569837761058,l_per_ha,4816.0,195961
261782,F-200,Field-C,2025-02-25 18:57:48,soy,sprayer-z,1028,46.139457092384575,0.8903903264515267,l_per_ha,7062.0,198799
262123,F-200,Field-A,2025-02-28 19:25:43,barley,sprayer-y,1008,49.82902029203148,1.3485818838205794,l_per_ha,11162.0,218356
257333,F-300,Field-A,2025-01-03 06:01:21,soy,sprayer-y,1007,29.653234824383386,0.6775911491281598,gal_per_acre,2768.0,138391
262665,F-100,Field-C,2025-01-27 22:40:04,wheat,SPRAYER-Y,1022,50.13063954519234,2.2001549541548364,l_per_ha,20566.0,127284
280923,F-200,Field-A,2025-03-18 21:57:57,soy,sprayer-z,1000,18.241418916784824,1.4119597538693482,l_per_ha,3971.0,72484
207080,F-300,Field-A,2025-01-22 17:21:49,soy,sprayer-y,1016,24.84458087796334,0.9229867823162026,ml_per_m2,2400.0,103255
216882,F-300,Field-A,2025-01-27 23:20:33,soy,sprayer-z,1022,14.699556702979072,1.1579859397236483,l_per_ha,2173.0,73887
231704,F-300,Field-D,2025-01-30 00:35:00,corn,sprayer-z,1016,30.71164966857145,0.7190384993571156,l_per_ha,2946.0,126132
268811,F-200,Field-B,2025-01-16 23:09:27,wheat,sprayer-z,1011,26.56330123284938,0.8094196289509485,l_per_ha,3508.0,104582
287280,F-300,Field-C,2025-01-14 23:45:13,corn,sprayer-z,1024,18.25099140278717,0.7111154243193817,l_per_ha,1816.0,86357
291866,F-100,Field-B,2025-02-01 05:33:12,wheat,sprayer-x,1011,46.347939007692986,2.323787051530843,l_per_ha,20440.0,89679
258216,F-200,Field-A,2025-03-20 16:31:08,corn,sprayer-x,1021,22.26157246614056,1.5138156753143697,l_per_ha,4778.0,95733
241011,F-100,Field-B,2025-01-01 03:18:55,corn,sprayer-x,1013,20.004238158020964,,l_per_ha,8887.0,37677
241197,F-300,Field-A,2025-01-26 11:48:48,barley,sprayer-z,1000,12.198968196777228,0.6604823421931686,ml_per_m2,898.0,61353
205982,F-100,Field-D,2025-01-06 10:57:15,corn,sprayer-y,1015,29.13519359910718,1.6527673790373236,l_per_ha,10091.0,61160
246510,F-100,Field-A,2025-02-20 12:49:01,barley,sprayer-x,1001,21.66305458605161,,l_per_ha,6763.0,45432
251284,F-200,Field-B,2025-01-23 13:17:59,corn,sprayer-z,1027,25.310006273753274,1.490317616033842,ml_per_m2,6251.0,100515
220827,F-200,Field-D,2025-03-13 06:39:53,barley,sprayer-x,1018,17.979849444130394,1.9904222263245,l_per_ha,6136.0,65415
276795,F-200,Field-C,2025-02-22 15:38:10,wheat,SPRAYER-X,1011,46.973551940094524,1.651352015576768,ml_per_m2,12683.0,157383
281188,F-100,Field-B,2025-03-12 13:03:36,soy,sprayer-x,1014,56.15018410450946,,l_per_ha,22439.0,115574
230201,F-100,Field-C,2025-02-27 03:24:02,wheat,sprayer-x,1018,32.386251903388825,2.7397951868254675,l_per_ha,19306.0,76733
291400,F-300,Field-D,2025-02-09 10:54:51,wheat,sprayer-z,1007,40.36491328374579,1.0351213266328958,l_per_ha,5056.0,180600
210709,F-100,Field-B,2025-03-19 11:41:19,wheat,SPRAYER-X,1008,52.69447521336883,1.8701929843271128,l_per_ha,19356.0,116936
291066,F-300,Field-C,2025-02-12 20:42:56,soy,sprayer-z,1012,59.935630053351225,0.921740430562682,l_per_ha,6536.0,241357
276808,F-100,Field-D,2025-03-27 11:51:30,wheat,sprayer-x,1007,38.743406660140764,1.6828345032372272,ml_per_m2,12782.0,84763
222393,F-300,Field-C,2025-03-31 12:33:20,soy,sprayer-y,1022,53.93787065969278,0.7929488866738843,gal_per_acre,5217.0,242502
265016,F-300,Field-B,2025-02-23 00:17:09,barley,sprayer-y,1003,54.97345356056031,0.5918531007471837,l_per_ha,4478.0,228826
231074,F-300,Field-A,2025-03-02 17:07:49,wheat,sprayer-z,1024,48.52983182941923,0.8767466709379269,l_per_ha,5306.0,238919
279973,F-300,Field-A,2025-01-24 00:13:52,wheat,sprayer-z,1010,30.35122650902106,0.7169548557693353,l_per_ha,2353.0,149845
216062,F-200,Field-D,2025-03-15 07:37:08,corn,sprayer-z,1016,9.463470023314462,1.1677398767201808,ml_per_m2,1613.0,42559
224491,F-200,Field-C,2025-03-02 10:38:21,wheat,sprayer-z,1004,5.869305549207361,1.1496377791721066,l_per_ha,960.0,25599
230720,F-200,Field-B,2025-03-23 05:30:59,corn,sprayer-x,1011,31.246034830560852,0.8864211655804577,ml_per_m2,4468.0,125500
219967,F-100,Field-B,2025-01-25 00:44:16,corn,sprayer-x,1022,32.187299344403975,1.9224348552337998,l_per_ha,13252.0,49476
233280,F-200,Field-C,2025-03-12 21:11:38,barley,sprayer-x,1008,27.404931332463477,1.6726129948306618,l_per_ha,6712.0,109749
260258,F-100,Field-C,2025-02-12 07:47:44,corn,sprayer-x,1003,36.24920432102505,1.265680284842354,l_per_ha,9337.0,71256
263310,F-300,Field-C,2025-01-17 15:59:14,wheat,SPRAYER-Z,1015,35.36894868174349,0.648523505003726,l_per_ha,2810.0,188349
255393,F-100,Field-B,2025-01-16 09:47:04,barley,SPRAYER-X,1004,51.01371725679811,1.0782262912706453,l_per_ha,10089.0,92778
218964,F-200,Field-C,2025-02-20 14:17:19,barley,sprayer-x,1009,10.976140679424432,0.52715171351687,gal_per_acre,998.0,35784
220244,F-200,Field-B,2025-01-29 18:00:39,corn,sprayer-x,1013,17.384771635805002,1.291674057570744,l_per_ha,3860.0,77127
291939,F-100,Field-D,2025-01-10 04:05:28,corn,sprayer-x,1016,48.61527384277967,2.1517334504083347,l_per_ha,19448.0,130548
225133,F-200,Field-A,2025-02-08 10:38:09,wheat,sprayer-x,1019,51.631027697301,0.9547324805010103,l_per_ha,6924.0,173968
210309,F-100,Field-A,2025-02-28 18:18:42,soy,sprayer-y,1020,59.71533174914773,1.6684131246816176,l_per_ha,18334.0,135567
245398,F-200,Field-B,2025-01-29 16:55:48,barley,sprayer-x,1025,53.01016090128963,0.9411599941280189,l_per_ha,7550.0,204864
200687,F-200,Field-C,2025-03-27 23:33:17,corn,sprayer-y,1001,53.94444538897821,1.038870903130166,ml_per_m2,8133.0,237137
234265,F-100,Field-C,2025-03-12 03:49:20,corn,sprayer-x,1010,22.289136844644766,1.4004414369273848,gal_per_acre,6505.0,54183
285494,F-300,Field-B,2025-02-16 03:30:04,wheat,sprayer-z,1000,27.0913898705157,,l_per_ha,1276.0,133276
226739,F-100,Field-D,2025-03-26 02:51:07,barley,sprayer-x,1000,19.744680765130305,1.4901199073092681,l_per_ha,5941.0,33350
270376,F-300,Field-B,2025-02-08 23:13:14,corn,sprayer-z,1006,38.34646690059936,0.7711088470234567,l_per_ha,3323.0,185003
248981,F-300,Field-A,2025-01-13 13:41:02,wheat,sprayer-z,1017,56.63429448138711,0.6299157163889229,ml_per_m2,3867.0,309902
235535,F-300,Field-A,2025-01-04 05:25:13,corn,sprayer-z,1026,23.955248758138975,1.1112771172061766,l_per_ha,2922.0,122828
266157,F-300,Field-D,2025-03-26 10:07:51,corn,sprayer-z,1023,35.63509800347976,0.8197490121360352,l_per_ha,3050.0,146793
259549,F-300,Field-A,2025-03-28 09:06:46,barley,sprayer-z,1019,21.29647967494168,0.8413193817872052,gal_per_acre,2337.0,107552
231823,F-300,Field-D,2025-03-08 12:46:49,corn,sprayer-z,1023,14.338998557498913,1.0452058066078282,ml_per_m2,1553.0,64327
222354,F-200,Field-B,2025-01-10 06:29:08,wheat,sprayer-y,1005,15.735204140026061,0.5,l_per_ha,1281.0,54643
291682,F-300,Field-A,2025-01-27 10:17:06,barley,sprayer-z,1025,8.186993949597147,0.9368733414351328,l_per_ha,951.0,37435
216838,F-200,Field-B,2025-01-04 16:43:51,soy,sprayer-x,1026,57.211143765509156,0.9791180650384993,l_per_ha,8357.0,256057
295949,F-200,Field-C,2025-01-05 14:41:48,corn,sprayer-x,1002,27.15837846791963,1.8094200494335508,l_per_ha,7242.0,107359
247114,F-200,Field-B,2025-01-23 03:30:13,wheat,sprayer-z,1014,50.87664906011595,1.0247912000333976,l_per_ha,8232.0,209560
299674,F-100,Field-D,2025-02-21 11:49:34,barley,sprayer-x,1024,42.47312099793301,1.6078707455424102,l_per_ha,14801.0,77413
235318,F-200,Field-C,2025-01-06 21:32:44,wheat,sprayer-y,1014,15.555663877609696,1.6635696455089677,l_per_ha,4433.0,60918
256550,F-300,Field-B,2025-03-30 14:44:18,soy,sprayer-z,1025,14.65042356184983,0.9421069341578494,l_per_ha,1529.0,71834
261523,F-100,Field-C,2025-02-10 23:03:16,soy,SPRAYER-X,1028,49.65935108307997,2.813700669732343,l_per_ha,27240.0,103053
233869,F-300,Field-D,2025-01-24 17:54:22,soy,sprayer-z,1014,19.559144084074553,0.6579894300621931,l_per_ha,1517.0,78900
221814,F-100,Field-B,2025-02-16 10:44:58,corn,sprayer-x,1001,55.230685103608664,2.343846092558891,ml_per_m2,27801.0,147815
252033,F-200,Field-A,2025-03-13 02:44:07,barley,sprayer-y,1010,12.703047257921984,0.6078951970774196,l_per_ha,1163.0,42810
266292,F-200,Field-B,2025-01-29 03:09:03,barley,sprayer-z,1006,42.273973794995825,1.0940268924517174,ml_per_m2,7882.0,146763
226142,F-100,Field-D,2025-01-05 06:37:46,corn,sprayer-x,1014,49.79606318170136,1.6845192014339347,l_per_ha,18182.0,131166
276686,F-300,Field-A,2025-01-05 14:04:28,barley,sprayer-z,1017,17.939101362860477,0.49105434739903586,l_per_ha,1044.0,72919
263887,F-100,Field-D,2025-03-18 16:17:22,barley,sprayer-x,1013,20.19140499011113,1.9147951713825089,ml_per_m2,7222.0,54900
216663,F-100,Field-C,2025-01-11 01:03:24,soy,sprayer-x,1005,58.048538737656095,1.579525430664771,l_per_ha,18854.0,137718
293864,F-100,Field-C,2025-02-27 04:49:01,wheat,sprayer-x,1009,19.552868294038706,2.1785643381356605,l_per_ha,9265.0,36971
204385,F-200,Field-B,2025-02-04 14:31:46,wheat,sprayer-y,1020,28.647637744502628,0.9495446541685495,l_per_ha,4299.0,112942
265372,F-200,Field-D,2025-03-11 23:26:13,barley,SPRAYER-X,1000,28.788357628330136,1.0523258733703842,l_per_ha,4571.0,93472
243958,F-300,Field-A,2025-01-06 10:44:29,corn,sprayer-z,1006,18.916911246132596,1.0777966360809297,l_per_ha,2194.0,81008
265380,F-300,Field-B,2025-03-22 19:13:52,barley,SPRAYER-Z,1026,47.668509754039974,0.8848457047080351,l_per_ha,5810.0,221119
277402,F-100,Field-B,2025-03-04 20:05:23,barley,sprayer-x,1002,47.45171387760354,1.6640761301193971,l_per_ha,16491.0,118864
268720,F-200,Field-B,2025-02-10 10:26:23,soy,sprayer-z,1012,25.80749078230821,1.2511524558058948,l_per_ha,5006.0,89252
265077,F-100,Field-B,2025-01-19 15:09:51,wheat,sprayer-x,1006,50.93191850944035,3.038355662929512,l_per_ha,32974.0,118268
284088,F-200,Field-A,2025-03-29 22:37:35,soy,sprayer-z,1003,16.71912139194513,1.4312096346284289,l_per_ha,3525.0,49832
270188,F-100,Field-A,2025-01-28 04:28:28,corn,sprayer-x,1012,5.236817661722325,1.3705967701578317,l_per_ha,1345.0,10182
281374,F-300,Field-A,2025-02-14 03:30:22,barley,sprayer-z,1015,36.41420491306576,0.7955175137137953,l_per_ha,3258.0,199171
240283,F-200,Field-C,2025-02-05 11:18:42,wheat,sprayer-z,1005,59.67427748488082,1.2462239976446605,l_per_ha,12198.0,241031
220282,F-200,Field-B,2025-01-21 17:59:19,corn,sprayer-x,1002,7.125437040478653,0.9647573119588773,l_per_ha,1128.0,31789
223494,F-300,Field-C,2025-02-07 11:52:36,barley,sprayer-z,1004,16.439894053965332,1.3026492909589202,l_per_ha,2722.0,66867
261210,F-100,Field-C,2025-01-14 15:12:23,soy,SPRAYER-X,1019,33.54030533678963,2.526322208807781,l_per_ha,16971.0,91206
253177,F-300,Field-C,2025-01-01 03:35:13,soy,sprayer-y,1025,49.546740504467884,0.6412990281323249,l_per_ha,3250.0,204415
207715,F-300,Field-C,2025-01-27 02:23:05,corn,sprayer-y,1005,9.897310279127927,1.05590588415429,l_per_ha,1165.0,42461
220436,F-300,Field-C,2025-01-11 02:04:19,barley,sprayer-z,1009,26.737905956739187,0.7351738557321047,gal_per_acre,2475.0,122618
296755,F-100,Field-C,2025-02-07 07:55:20,soy,sprayer-x,1010,46.089169034643746,2.2730559154462235,ml_per_m2,22762.0,114884
272622,F-100,Field-C,2025-03-19 15:34:17,barley,sprayer-x,1010,25.434876462349887,1.6369277986568203,l_per_ha,9040.0,51946
275497,F-200,Field-C,2025-01-15 15:08:58,barley,sprayer-x,1007,15.386003126160144,1.012919247111192,l_per_ha,2241.0,54488
219696,F-300,Field-B,2025-01-01 02:39:48,corn,sprayer-z,1001,15.752270506812303,1.0074867708454676,l_per_ha,1679.0,80561
206422,F-200,Field-A,2025-01-10 23:57:47,corn,sprayer-x,1015,27.552683280324683,1.1317411753910338,ml_per_m2,4777.0,94159
229126,F-100,Field-D,2025-02-15 17:38:29,barley,SPRAYER-X,1010,31.367939114324013,1.943041803473458,ml_per_m2,11309.0,79721
285687,F-200,Field-B,2025-01-25 17:39:01,soy,SPRAYER-Y,1010,52.39979297988077,1.3255497223651154,l_per_ha,11067.0,192266
250654,F-300,Field-C,2025-02-14 01:19:27,wheat,sprayer-y,1007,40.323883021239645,0.8473045499641929,l_per_ha,3641.0,169394
278462,F-100,Field-A,2025-01-03 15:10:31,wheat,sprayer-x,1027,42.97210749835258,2.2773982608626566,l_per_ha,18876.0,114374
248670,F-300,Field-B,2025-01-30 23:29:00,soy,sprayer-z,1018,59.06429443447488,0.7760714033971977,ml_per_m2,4794.0,285639
249018,F-300,Field-C,2025-02-06 21:53:26,barley,sprayer-z,1012,27.651389216553557,1.095333073995626,ml_per_m2,3601.0,151024
260084,F-100,Field-C,2025-02-08 19:39:58,corn,sprayer-x,1006,27.184492178702058,2.088559915002515,l_per_ha,10304.0,68740
295892,F-100,Field-C,2025-02-19 14:30:06,soy,sprayer-x,1024,55.78408322491968,1.6439729169085184,l_per_ha,16664.0,89133
243744,F-200,Field-B,2025-03-12 06:03:18,barley,sprayer-y,1026,18.523157285278224,0.9830292942177482,l_per_ha,2795.0,61742
259576,F-200,Field-D,2025-02-12 01:12:59,wheat,sprayer-z,1000,45.139838546657664,1.2258761508675016,l_per_ha,8057.0,200138
291947,F-300,Field-C,2025-03-17 17:00:00,wheat,sprayer-z,1027,46.50152260199741,0.8587108483178921,ml_per_m2,5117.0,243364
237230,F-100,Field-D,2025-02-17 16:13:42,barley,SPRAYER-X,1020,10.37833985949937,1.846898960514226,l_per_ha,3530.0,24678
283993,F-300,Field-C,2025-01-24 10:21:10,corn,sprayer-y,1002,30.75272731314712,0.9640899027692076,l_per_ha,3191.0,152465
253505,F-200,Field-C,2025-01-21 14:40:45,wheat,sprayer-x,1022,16.030935922685472,1.4112444424919355,l_per_ha,3559.0,56311
287911,F-300,Field-D,2025-01-30 00:34:45,wheat,sprayer-z,1003,15.195640004136711,1.1416525650961,l_per_ha,2072.0,82820
246781,F-200,Field-A,2025-02-23 18:31:19,barley,sprayer-y,1001,30.51054607545819,0.7015485240784469,ml_per_m2,3019.0,134483
262951,F-300,Field-D,2025-01-22 19:45:46,corn,sprayer-z,1003,20.918633912943573,0.887450663206265,l_per_ha,2390.0,84942
232328,F-300,Field-D,2025-03-24 06:36:53,wheat,sprayer-z,1013,48.7833246194229,0.810224475943923,ml_per_m2,4065.0,263361
263500,F-100,Field-C,2025-02-13 04:30:17,corn,sprayer-x,1018,54.91826902647653,2.2728968799249762,l_per_ha,23925.0,86599
232624,F-300,Field-C,2025-03-19 16:40:09,barley,sprayer-y,1012,49.14963329086011,1.1227319413482597,l_per_ha,6205.0,197590
260919,F-300,Field-C,2025-03-03 11:50:16,soy,sprayer-z,1003,19.63169799419159,0.9673913352120381,l_per_ha,2358.0,103493
278876,F-100,Field-B,2025-01-31 00:02:28,wheat,sprayer-x,1005,20.07739165287346,2.5746884204789087,l_per_ha,9765.0,54647
243488,F-300,Field-D,2025-01-21 13:01:34,wheat,sprayer-z,1025,19.010059256460707,0.9684006914842043,l_per_ha,2110.0,86008
242923,F-300,Field-A,2025-03-08 22:55:09,corn,sprayer-z,1028,12.427095283092983,0.9214897405394633,l_per_ha,1383.0,55975
232210,F-200,Field-B,2025-01-30 18:23:21,barley,sprayer-x,1022,56.908910245704114,1.3185428457095176,l_per_ha,12014.0,227917
273046,F-200,Field-C,2025-01-23 05:14:03,soy,sprayer-z,1003,27.112628898638814,1.5244351408885595,l_per_ha,6435.0,82291
259200,F-200,Field-D,2025-03-25 17:37:50,wheat,sprayer-x,1024,17.357921100023056,0.8604040679769116,l_per_ha,2386.0,61271
251644,F-300,Field-B,2025-02-13 10:28:50,wheat,sprayer-z,1020,51.566907777953396,1.248724373458313,l_per_ha,8157.0,230758
202553,F-300,Field-B,2025-01-05 08:54:34,soy,sprayer-z,1015,26.955741646178474,1.101819960746801,ml_per_m2,3343.0,121024
211010,F-300,Field-A,2025-02-14 12:41:53,soy,sprayer-y,1004,6.931424611031662,0.8565712773847372,ml_per_m2,698.0,36919
200745,F-200,Field-A,2025-02-11 11:15:44,wheat,sprayer-x,1029,13.906786363729715,1.3861117181794074,l_per_ha,3089.0,50602
285024,F-100,Field-A,2025-03-19 18:10:19,wheat,sprayer-x,1013,40.158768719589354,2.2751268715168496,l_per_ha,19933.0,76134
285164,F-300,Field-A,2025-03-06 00:57:55,soy,sprayer-z,1001,48.05979007944482,1.003191695353569,l_per_ha,5212.0,241571
206792,F-300,Field-D,2025-01-18 05:19:54,soy,sprayer-z,1006,16.601391366879213,0.7987661466615332,gal_per_acre,1468.0,70012
204642,F-200,Field-D,2025-01-14 12:58:50,soy,sprayer-x,1012,55.45675740963782,1.4589452216112415,l_per_ha,13723.0,243631
278143,F-200,Field-D,2025-02-24 07:45:51,corn,SPRAYER-Z,1001,51.80484160286905,0.7181229545113853,l_per_ha,6172.0,160944
252479,F-100,Field-A,2025-01-05 06:19:40,wheat,sprayer-y,1009,51.66094147335945,2.141953000587737,l_per_ha,23804.0,131980
230892,F-300,Field-A,2025-01-29 17:04:28,soy,sprayer-z,1014,17.521363073956778,0.9037982373280217,ml_per_m2,1647.0,87409
261498,F-200,Field-B,2025-01-13 10:31:24,barley,sprayer-x,1028,7.779479375753174,1.1155890024282897,l_per_ha,1318.0,25721
223646,F-300,Field-C,2025-01-02 20:24:49,soy,sprayer-y,1002,52.7082946715421,0.830366041832665,l_per_ha,5865.0,278667
219817,F-200,Field-B,2025-03-24 16:39:29,wheat,sprayer-y,1017,21.819012580621205,1.1302898281869687,l_per_ha,3604.0,82575
236747,F-100,Field-B,2025-01-09 02:00:46,soy,sprayer-y,1027,39.04040096454392,2.032471543775371,l_per_ha,16890.0,87006
289573,F-200,Field-A,2025-01-01 20:00:04,corn,sprayer-x,1024,46.79817860354015,0.5,ml_per_m2,3346.0,179637
276715,F-200,Field-C,2025-03-25 23:02:47,corn,sprayer-x,1027,12.056129218111609,1.2496836450697955,l_per_ha,2468.0,40757
219009,F-200,Field-B,2025-01-17 22:46:31,soy,sprayer-y,1005,47.946109498547635,1.3457066877571544,l_per_ha,11301.0,168112
256172,F-200,Field-A,2025-03-15 11:45:53,barley,SPRAYER-X,1024,56.61813024285862,1.237409183295404,l_per_ha,12110.0,228497
288451,F-100,Field-C,2025-01-03 19:34:20,barley,sprayer-x,1029,45.0606231160525,1.9958600580352066,l_per_ha,19752.0,113126
295161,F-100,Field-D,2025-01-14 19:40:52,soy,sprayer-x,1009,29.267251166430697,1.8609518535060454,l_per_ha,11528.0,60865
276299,F-100,Field-A,2025-01-10 22:57:34,corn,sprayer-x,1014,53.217297631343655,1.9632606692047998,l_per_ha,21946.0,134224
212886,F-100,Field-B,2025-03-05 13:31:39,barley,sprayer-x,1015,34.010169653990744,,gal_per_acre,12974.0,70120
224074,F-300,Field-D,2025-02-25 19:31:20,wheat,sprayer-z,1014,45.96240102992148,1.0167573090585897,l_per_ha,5706.0,213377
221860,F-200,Field-C,2025-02-12 19:05:03,wheat,sprayer-z,1008,50.12782691222323,1.0516980149451918,l_per_ha,8570.0,183839
215074,F-300,Field-D,2025-01-22 17:56:24,barley,sprayer-z,1029,46.21440739344533,0.5968616156973057,l_per_ha,3530.0,236775
217532,F-300,Field-B,2025-01-08 23:56:15,soy,sprayer-z,1028,20.83201818264847,1.2342242457126495,l_per_ha,3083.0,101704
231623,F-100,Field-B,2025-02-21 05:29:52,soy,sprayer-x,1011,11.481414549820709,0.9024081267388957,l_per_ha,1918.0,29075
255551,F-100,Field-C,2025-01-21 18:20:34,wheat,sprayer-x,1024,18.108619114913306,2.0327662904150254,l_per_ha,7883.0,37278
239795,F-300,Field-A,2025-02-23 02:49:19,barley,sprayer-z,1011,32.65812153391943,0.9015988059097627,l_per_ha,3790.0,158835
242081,F-100,Field-A,2025-03-03 20:55:51,wheat,sprayer-x,1023,32.79023072612027,2.187628739083368,l_per_ha,13709.0,90305
224578,F-300,Field-C,2025-03-18 10:46:49,soy,sprayer-z,1017,37.04543921229956,0.5789888041992153,l_per_ha,2933.0,189964
215103,F-300,Field-C,2025-02-14 11:00:27,barley,sprayer-z,1014,26.730601065133996,1.005240403624779,l_per_ha,3509.0,128095
299889,F-100,Field-A,2025-01-01 10:14:29,soy,sprayer-x,1003,48.27902597975152,2.9911301500727947,l_per_ha,28916.0,99884
259899,F-100,Field-C,2025-01-26 06:14:25,corn,sprayer-x,1019,55.22345626909643,1.8355400648333113,l_per_ha,20209.0,86321
222965,F-100,Field-B,2025-03-18 19:16:40,wheat,sprayer-x,1009,18.56987794137092,1.2093446092445035,ml_per_m2,4675.0,47493
280998,F-200,Field-C,2025-02-17 23:49:19,wheat,sprayer-x,1006,45.50877697360384,0.9461693591468008,l_per_ha,6551.0,197352
283063,F-100,Field-D,2025-02-25 17:17:50,barley,sprayer-x,1005,42.28845188997746,2.0509103065516494,l_per_ha,16756.0,89470
296677,F-200,Field-A,2025-02-11 04:53:54,soy,sprayer-x,1029,33.76997746036233,1.8191683606970004,l_per_ha,10694.0,145246
215911,F-200,Field-D,2025-01-15 15:31:33,wheat,sprayer-y,1003,15.369162863078813,0.7364100163413727,l_per_ha,1716.0,64268
263996,F-300,Field-B,2025-03-22 16:52:48,soy,sprayer-z,1023,48.737774222049026,1.0221484311592388,l_per_ha,6006.0,246937
298024,F-100,Field-D,2025-03-11 13:32:41,soy,SPRAYER-X,1025,57.8344457095858,,l_per_ha,22165.0,148078
280667,F-100,Field-B,2025-03-31 13:35:46,wheat,sprayer-x,1000,44.700998272848736,2.5406873969685733,l_per_ha,21836.0,111258
222552,F-100,Field-B,2025-03-18 23:51:42,wheat,sprayer-x,1017,55.48229981441537,1.3938158534701373,l_per_ha,14916.0,111570
289303,F-100,Field-D,2025-01-27 04:50:52,barley,sprayer-x,1017,59.13018957213998,1.9791013860622437,l_per_ha,21409.0,147735
242168,F-200,Field-C,2025-01-23 21:12:32,soy,sprayer-z,1010,24.3627870831581,1.1269415874825415,l_per_ha,4848.0,102382
248891,F-100,Field-A,2025-01-23 08:42:17,corn,sprayer-x,1020,40.10229541094853,2.82405608091194,l_per_ha,21710.0,101751
255856,F-100,Field-C,2025-03-24 16:35:39,soy,sprayer-x,1012,31.06630057009429,2.255353974606757,l_per_ha,12736.0,86998
277139,F-200,Field-D,2025-02-20 02:58:48,soy,sprayer-x,1013,59.26458107747766,1.108656657676042,ml_per_m2,9540.0,222481
212028,F-200,Field-B,2025-02-10 21:37:40,soy,sprayer-x,1012,10.159430320424871,0.9817896778022603,l_per_ha,1453.0,34050
253925,F-100,Field-D,2025-03-29 03:26:40,soy,SPRAYER-X,1024,27.680620286347352,2.784103223531916,l_per_ha,14881.0,63618
281682,F-300,Field-C,2025-02-24 07:23:48,barley,sprayer-z,1018,53.15464744899799,1.2122373066352965,l_per_ha,7385.0,225425
254850,F-300,Field-B,2025-03-23 20:22:23,wheat,sprayer-z,1011,20.62282207895835,0.6328558981390862,l_per_ha,1450.0,96317
227468,F-100,Field-A,2025-03-30 14:50:34,wheat,sprayer-x,1027,48.328606785138,2.0885246737549563,ml_per_m2,21742.0,114660
205628,F-300,Field-C,2025-01-08 03:36:09,corn,sprayer-y,1024,26.053073952914065,0.7701880493917441,l_per_ha,2781.0,127700
254926,F-200,Field-A,2025-02-02 12:55:04,soy,sprayer-x,1027,58.89881969395871,0.977196343589654,l_per_ha,9950.0,196022
270335,F-100,Field-D,2025-03-08 01:44:27,wheat,sprayer-x,1021,53.59414100330391,1.8736388437134708,ml_per_m2,18196.0,136984
254963,F-300,Field-C,2025-03-15 04:25:27,wheat,sprayer-z,1011,21.572619671443842,1.0435451217500127,l_per_ha,2566.0,99096
297935,F-300,Field-B,2025-01-14 08:43:39,soy,sprayer-z,1023,47.360621244582035,1.2353189596491394,l_per_ha,6342.0,211539
260264,F-100,Field-A,2025-01-29 15:44:31,wheat,sprayer-x,1009,23.52710991082978,2.362853991659361,l_per_ha,10358.0,48032
250822,F-200,Field-C,2025-02-19 08:03:12,wheat,sprayer-x,1008,38.34995621185443,1.0174897512287944,l_per_ha,6880.0,166359
205548,F-300,Field-A,2025-03-13 22:18:04,wheat,sprayer-z,1013,41.21644226163106,0.6324912613414212,l_per_ha,2827.0,172806
255859,F-200,Field-B,2025-01-11 04:00:33,wheat,sprayer-y,1029,50.62774749971377,1.2927007068257101,l_per_ha,10761.0,174221
216861,F-300,Field-D,2025-02-24 01:35:06,corn,sprayer-z,1017,6.344796248510818,0.790599055831001,l_per_ha,566.0,30885
272473,F-300,Field-D,2025-01-27 16:19:00,barley,sprayer-z,1011,17.108684013376482,0.824681055395303,l_per_ha,1507.0,79093
216119,F-300,Field-D,2025-01-20 11:19:41,corn,sprayer-y,1013,44.15547958237183,1.1792183138489487,l_per_ha,5931.0,239913
290669,F-100,Field-D,2025-02-16 09:15:43,wheat,sprayer-x,1008,35.99377803332455,2.0350677591830637,l_per_ha,14943.0,58543
230205,F-300,Field-C,2025-02-07 06:17:46,soy,sprayer-z,1019,32.25827930106287,0.8922179930427565,l_per_ha,3222.0,131256
243398,F-200,Field-A,2025-02-27 05:08:11,corn,sprayer-y,1010,8.036547618938926,0.6441816414929166,l_per_ha,866.0,24912
214491,F-100,Field-D,2025-01-29 14:05:34,soy,sprayer-x,1016,24.15517359038009,1.8672297626853818,l_per_ha,8910.0,59603
221069,F-200,Field-D,2025-03-16 02:16:33,soy,sprayer-z,1011,52.58051275508566,1.1808388244626522,ml_per_m2,10565.0,225198
292192,F-300,Field-D,2025-01-08 00:42:50,soy,sprayer-z,1009,6.69910603698177,1.026160032829204,l_per_ha,944.0,31552
228368,F-300,Field-C,2025-03-19 13:39:34,wheat,sprayer-z,1029,26.803992945064664,0.8657100337024414,l_per_ha,2720.0,140209
251295,F-200,Field-A,2025-01-03 16:26:35,corn,sprayer-x,1010,56.983155821892495,0.7961816016465036,l_per_ha,7639.0,235517
298139,F-100,Field-C,2025-03-08 05:32:05,barley,sprayer-x,1002,7.798440399975805,1.8630041175514984,l_per_ha,2951.0,13803
262357,F-100,Field-B,2025-02-01 04:23:38,wheat,sprayer-x,1011,46.23381630745502,2.0258258572236576,l_per_ha,19840.0,96085
204164,F-300,Field-D,2025-02-04 12:00:11,barley,sprayer-z,1015,19.168693890012005,1.024658213250394,ml_per_m2,2365.0,79130
235748,F-300,Field-B,2025-01-02 17:06:49,corn,sprayer-z,1002,52.663485768451984,0.900861528468632,l_per_ha,5331.0,226521
238685,F-300,Field-B,2025-03-05 04:32:09,corn,sprayer-z,1009,46.033738842765075,0.8662314829594068,l_per_ha,5185.0,215955
227624,F-300,Field-A,2025-01-15 21:27:12,barley,sprayer-z,1004,53.713784397209956,0.9273746641378771,gal_per_acre,6830.0,227865
224117,F-200,Field-D,2025-03-01 07:46:43,barley,sprayer-x,1015,16.87586347371963,0.7916949216277591,l_per_ha,2003.0,51968
250317,F-300,Field-D,2025-03-07 06:23:45,barley,sprayer-z,1021,34.22110151502327,0.9159345478535129,ml_per_m2,3964.0,169189
237704,F-100,Field-A,2025-03-18 01:42:55,barley,sprayer-x,1029,47.85984689661404,1.4749139401596447,l_per_ha,15015.0,121880
229432,F-300,Field-B,2025-03-05 17:28:37,corn,sprayer-y,1011,18.513485864723954,1.1700340102524025,l_per_ha,2822.0,100565
241298,F-300,Field-B,2025-01-28 03:14:25,barley,sprayer-z,1025,17.691046789696934,1.1565585712205428,ml_per_m2,2231.0,84531
234364,F-300,Field-B,2025-03-08 11:20:01,soy,sprayer-y,1006,6.495017342367176,0.6546462530896727,l_per_ha,484.0,32664
222873,F-100,Field-D,2025-03-16 08:03:09,corn,sprayer-x,1023,57.71834116864988,,l_per_ha,24293.0,128728
245275,F-200,Field-A,2025-01-29 13:03:03,corn,sprayer-z,1016,44.050928403004285,1.116523869462848,l_per_ha,7702.0,150240
294230,F-300,Field-B,2025-01-12 04:13:19,barley,sprayer-z,1022,39.955819470560165,0.7436419540533344,l_per_ha,3183.0,161098
250573,F-100,Field-A,2025-03-22 02:26:31,wheat,sprayer-x,1022,45.9197097482245,2.140427174362761,l_per_ha,21370.0,116800
259755,F-200,Field-A,2025-01-14 07:33:01,barley,sprayer-y,1015,34.238710528249165,1.169766625216204,l_per_ha,5705.0,124901
298431,F-100,Field-D,2025-02-23 10:40:26,corn,sprayer-x,1007,31.18736015997257,2.123503353742087,l_per_ha,13737.0,80763
261361,F-100,Field-D,2025-01-22 06:21:56,wheat,sprayer-x,1015,29.72427326179365,2.035497357712474,l_per_ha,10965.0,72319
222332,F-200,Field-A,2025-01-12 08:13:00,wheat,sprayer-x,1024,40.22415666570027,1.0577758579900916,l_per_ha,7549.0,158470
239847,F-200,Field-C,2025-03-11 21:03:24,wheat,sprayer-y,1029,16.084423646581076,2.039909166551193,l_per_ha,5210.0,55112
248797,F-300,Field-A,2025-01-13 22:25:56,soy,sprayer-y,1027,53.84322822581783,1.1598693861107081,l_per_ha,8231.0,238341
247478,F-200,Field-A,2025-03-02 07:41:16,barley,sprayer-y,1005,49.64638041705958,1.131773810773303,l_per_ha,9233.0,220323
214951,F-100,Field-B,2025-03-04 09:05:10,barley,sprayer-x,1017,24.225998629861863,1.3640724077495574,l_per_ha,6260.0,45489
210583,F-200,Field-A,2025-01-06 10:05:32,soy,sprayer-y,1003,36.82351132468884,1.290914484879815,l_per_ha,7398.0,144010
234999,F-100,Field-B,2025-01-16 13:33:32,corn,sprayer-x,1020,12.756501497250804,2.2230705021238375,l_per_ha,5905.0,20082
291426,F-100,Field-D,2025-03-13 11:49:30,barley,sprayer-x,1029,58.47904363634789,2.210181062921312,l_per_ha,25041.0,159611
271731,F-200,Field-C,2025-02-15 15:45:08,soy,sprayer-x,1001,54.6590978196656,1.337970079892331,l_per_ha,12052.0,201898
284171,F-300,Field-C,2025-01-11 22:07:12,soy,sprayer-y,1019,55.704362857456026,0.7109486896253248,l_per_ha,4150.0,306244
217446,F-200,Field-B,2025-03-31 06:13:58,soy,sprayer-z,1028,23.26896762368984,1.2127867569236117,gal_per_acre,3973.0,84726
241427,F-300,Field-A,2025-01-24 20:22:27,barley,sprayer-z,1025,14.302408906057066,0.8250421694563485,ml_per_m2,1398.0,78207
258135,F-300,Field-A,2025-01-01 08:39:23,barley,sprayer-z,1011,16.64746899064707,0.5680806323347191,l_per_ha,1297.0,72903
243431,F-200,Field-B,2025-03-25 04:11:55,soy,sprayer-y,1003,9.950076507479942,0.9753751128057246,gal_per_acre,1561.0,43125
241670,F-100,Field-A,2025-01-02 11:48:44,soy,SPRAYER-X,1027,11.606084655576138,1.5841194128685951,ml_per_m2,3407.0,20391
235979,F-300,Field-D,2025-02-19 19:15:14,soy,sprayer-z,1027,8.921749380166496,0.8390264274013186,l_per_ha,907.0,40633
205157,F-100,Field-D,2025-03-31 09:03:45,wheat,sprayer-x,1017,59.440268806268044,1.6339960335471428,l_per_ha,19607.0,152424
285722,F-100,Field-D,2025-02-22 00:04:05,wheat,sprayer-x,1029,9.073172585299048,,l_per_ha,4396.0,18180
293307,F-300,Field-C,2025-02-22 14:49:11,soy,sprayer-z,1000,12.28981445232775,0.8488353731514835,l_per_ha,1318.0,56926
208084,F-100,Field-C,2025-02-04 22:27:28,corn,sprayer-x,1018,50.4990027574905,1.5162549613123828,l_per_ha,16609.0,89790
241360,F-300,Field-C,2025-01-12 10:07:31,wheat,sprayer-z,1001,36.91321192086187,0.9563617097367104,l_per_ha,3726.0,198010
251783,F-100,Field-B,2025-02-21 13:00:51,soy,sprayer-x,1028,47.59294625131328,1.3086309148506867,l_per_ha,11300.0,102170
278392,F-200,Field-C,2025-03-22 18:10:21,barley,sprayer-y,1020,39.70016042749602,0.5,gal_per_acre,3174.0,124489
298674,F-200,Field-D,2025-01-09 04:46:55,soy,sprayer-x,1027,53.51962886809214,1.3773319543291669,l_per_ha,12113.0,174852
241631,F-300,Field-D,2025-03-21 05:37:17,wheat,sprayer-y,1016,40.11571402706073,0.5255688995133209,l_per_ha,2846.0,178292
274892,F-100,Field-C,2025-02-07 08:30:01,wheat,SPRAYER-Y,1002,33.7168801096733,1.3926658363457194,l_per_ha,9794.0,53082
293736,F-100,Field-A,2025-02-18 06:11:34,soy,sprayer-y,1000,44.20123315687148,1.4537228648082938,l_per_ha,11838.0,89223
283029,F-300,Field-C,2025-01-15 21:16:28,soy,SPRAYER-Z,1010,29.60660134856602,0.9035073803346118,ml_per_m2,2967.0,133550
229047,F-100,Field-B,2025-02-25 23:04:14,corn,sprayer-x,1022,24.03351025976041,2.200874459659873,l_per_ha,9824.0,65940
281749,F-100,Field-C,2025-01-17 09:52:57,soy,sprayer-x,1004,30.720884884761688,1.7556587155185188,l_per_ha,9873.0,53934
241223,F-300,Field-C,2025-01-25 14:05:03,wheat,sprayer-z,1025,14.334275780420837,0.9112286680488335,l_per_ha,1646.0,59106
201752,F-100,Field-D,2025-03-06 22:40:56,soy,sprayer-x,1007,48.81144513914803,1.3922485705771526,l_per_ha,13243.0,77963
275886,F-100,Field-B,2025-01-05 13:07:21,barley,sprayer-y,1014,19.338707973476957,1.2007507339933585,l_per_ha,5105.0,53732
283540,F-200,Field-D,2025-02-10 05:54:43,barley,sprayer-x,1006,13.44423504853761,1.3926951439501483,ml_per_m2,2799.0,40293
234366,F-100,Field-D,2025-02-23 12:15:57,soy,sprayer-x,1013,18.549373298077473,3.2231589294551615,l_per_ha,11193.0,44643
245093,F-100,Field-B,2025-01-12 21:10:54,wheat,sprayer-x,1013,51.313858347473186,2.6762969548782727,l_per_ha,27677.0,88583
236435,F-100,Field-B,2025-01-27 12:40:16,wheat,sprayer-x,1000,23.161071257875225,1.8779456407389492,l_per_ha,8894.0,42802
211702,F-100,Field-C,2025-01-31 21:57:48,corn,sprayer-x,1017,42.73274282282451,2.1615416289689504,l_per_ha,18714.0,94560
299482,F-200,Field-D,2025-03-01 17:25:17,barley,sprayer-x,1023,52.10252968606566,1.466507257450395,l_per_ha,12901.0,173482
202261,F-200,Field-C,2025-03-29 21:41:29,barley,sprayer-z,1028,9.275956680877316,0.8831203775127996,l_per_ha,1407.0,41082
255561,F-200,Field-D,2025-03-17 06:17:22,barley,sprayer-y,1009,47.07634228479236,1.2625948745620106,l_per_ha,10473.0,177600
201492,F-100,Field-B,2025-01-18 01:53:38,wheat,sprayer-x,1026,21.921600650846653,2.057590441576395,l_per_ha,8342.0,44285
268938,F-200,Field-C,2025-01-02 15:13:36,wheat,sprayer-y,1026,16.914230030122347,1.5711151625527406,ml_per_m2,4593.0,61955
290084,F-200,Field-B,2025-01-05 16:07:48,barley,sprayer-z,1029,42.88957988491347,1.1879715263686692,l_per_ha,8112.0,145301
264346,F-200,Field-D,2025-02-23 14:44:30,soy,sprayer-z,1011,55.03881425032786,1.2077886340300514,l_per_ha,11831.0,220225
260616,F-200,Field-B,2025-01-15 01:31:21,soy,sprayer-z,1025,21.226056479181747,0.9513374511599185,l_per_ha,3513.0,72917
282792,F-100,Field-C,2025-01-21 19:33:57,wheat,sprayer-x,1016,36.285859296137545,1.8802644674418383,l_per_ha,14919.0,87436
297423,F-100,Field-A,2025-03-18 06:21:57,wheat,sprayer-x,1001,20.940876261722035,1.4826395046576275,l_per_ha,6568.0,39579
286182,F-300,Field-D,2025-03-20 15:35:56,soy,sprayer-y,1008,35.485707214953536,0.7663323263290595,l_per_ha,3146.0,176499
223142,F-100,Field-B,2025-03-17 12:18:23,barley,SPRAYER-X,1020,39.20241168598873,2.387614593425357,l_per_ha,18370.0,91479
256325,F-200,Field-B,2025-01-23 19:54:55,wheat,sprayer-y,1004,38.568446383459886,0.9582246664146925,l_per_ha,5720.0,131808
281880,F-200,Field-C,2025-02-25 18:31:07,barley,sprayer-y,1013,39.295050330351025,0.9275812703012549,l_per_ha,6448.0,149533
229455,F-300,Field-B,2025-02-24 23:15:48,corn,sprayer-y,1023,12.429388571963825,1.0203791297212883,l_per_ha,1319.0,63879
267519,F-200,Field-D,2025-01-17 16:08:03,wheat,sprayer-x,1004,43.144725827269575,0.8240084212964511,l_per_ha,5436.0,168134
202280,F-100,Field-C,2025-02-19 19:38:53,barley,sprayer-y,1014,42.11126960091228,2.714893726235209,l_per_ha,21928.0,98979
287733,F-300,Field-C,2025-02-17 06:33:15,barley,sprayer-z,1006,42.542346721928574,1.1332576613064973,l_per_ha,5005.0,215863
261440,F-100,Field-A,2025-02-05 15:43:10,barley,sprayer-x,1016,9.073880400628848,2.0854776760937526,l_per_ha,3649.0,23278
274311,F-200,Field-A,2025-03-09 15:35:31,wheat,sprayer-z,1007,29.576136332778393,1.201555934597706,l_per_ha,5356.0,114572
282546,F-100,Field-B,2025-03-02 23:39:39,barley,sprayer-x,1028,27.496932262515134,1.556304988998773,ml_per_m2,9330.0,69727
221877,F-200,Field-D,2025-02-17 22:32:03,barley,sprayer-z,1002,9.769131600375953,1.2589183815030565,l_per_ha,1796.0,37028
245053,F-100,Field-D,2025-03-07 07:39:44,barley,sprayer-y,1028,17.23023603432459,,l_per_ha,5904.0,39677
285864,F-300,Field-C,2025-03-10 16:18:51,corn,sprayer-z,1023,29.25294474889202,0.865247522127568,l_per_ha,2551.0,138868
216470,F-200,Field-C,2025-02-21 00:35:08,soy,sprayer-z,1025,45.859847042194524,0.9112108574742146,l_per_ha,6503.0,173932
282246,F-100,Field-B,2025-01-25 02:10:34,barley,sprayer-x,1025,18.038414234156477,2.0305074277071027,l_per_ha,6966.0,27627
228808,F-300,Field-A,2025-03-10 06:11:31,barley,sprayer-z,1005,50.63624505687013,1.0144191447196964,ml_per_m2,5650.0,243525
257550,F-200,Field-A,2025-03-06 14:02:45,corn,sprayer-y,1027,35.018905715670485,1.4140381387333463,l_per_ha,6945.0,152949
250998,F-100,Field-B,2025-03-30 12:10:51,barley,sprayer-x,1017,46.82319268515396,1.6739627152986027,l_per_ha,15750.0,87045
268649,F-100,Field-B,2025-01-14 11:32:04,corn,sprayer-x,1028,30.99057908352714,1.9626187182933459,l_per_ha,11553.0,47220
283668,F-200,Field-A,2025-02-07 17:37:42,wheat,sprayer-y,1026,32.45568239822228,1.1519121171530942,l_per_ha,6672.0,131256
234897,F-200,Field-B,2025-03-25 04:19:46,soy,sprayer-z,1017,39.08456641588021,1.0557250001477578,ml_per_m2,6693.0,153291
217175,F-300,Field-A,2025-02-16 07:29:57,wheat,sprayer-z,1011,56.03838344912033,0.9155713448534608,l_per_ha,6620.0,234738
242282,F-100,Field-C,2025-03-26 20:03:55,soy,sprayer-y,1003,32.04969197771005,1.1418756612577243,l_per_ha,7768.0,52431
261214,F-200,Field-D,2025-01-02 02:56:05,corn,sprayer-y,1003,34.076164595956,0.9703933454639087,l_per_ha,4736.0,139328
275044,F-200,Field-C,2025-01-04 03:58:00,soy,sprayer-x,1011,38.10983299401413,1.4453134818788735,l_per_ha,8855.0,121079
275336,F-100,Field-B,2025-03-13 15:25:18,soy,SPRAYER-X,1024,45.56333255137492,1.610938079069704,l_per_ha,13813.0,115374
233996,F-300,Field-B,2025-02-02 06:12:40,soy,sprayer-z,1015,8.951768451742888,1.1552941765561857,l_per_ha,1344.0,38442
293604,F-200,Field-B,2025-02-16 19:41:49,wheat,sprayer-x,1014,33.36280911870847,1.0071649291077827,l_per_ha,5644.0,118164
208316,F-100,Field-A,2025-02-08 12:30:01,wheat,sprayer-x,1007,31.487537406332393,2.4873288453501012,l_per_ha,14678.0,75244
211670,F-200,Field-C,2025-02-06 17:11:48,wheat,sprayer-z,1016,55.69267413306637,0.9000045657568808,l_per_ha,7381.0,168457
202477,F-200,Field-C,2025-03-26 13:15:52,wheat,sprayer-x,1019,32.142861923998765,1.1087069491530621,l_per_ha,6233.0,125358
292639,F-300,Field-A,2025-01-09 11:11:43,soy,sprayer-z,1029,30.757629408188205,0.9699543635430119,l_per_ha,4148.0,124749
218011,F-100,Field-B,2025-03-11 11:59:19,wheat,sprayer-x,1021,57.92099936940861,2.10082877131724,ml_per_m2,22739.0,116854
260146,F-300,Field-B,2025-03-22 01:39:28,wheat,sprayer-z,1018,29.781705498048485,0.9570247682684545,l_per_ha,3794.0,140417
281295,F-200,Field-A,2025-03-01 04:00:34,wheat,sprayer-x,1027,14.948643667714968,1.7983285484043217,l_per_ha,4682.0,45602
276670,F-100,Field-C,2025-02-05 13:12:56,corn,SPRAYER-X,1012,16.930386754318356,2.1880347981603854,ml_per_m2,6889.0,29614
294884,F-100,Field-C,2025-01-15 09:37:47,soy,SPRAYER-X,1028,10.235314608533578,2.6690980664693265,l_per_ha,4950.0,21144
205377,F-100,Field-C,2025-03-03 10:22:34,barley,sprayer-y,1011,5.031247109241945,2.2666260106068816,l_per_ha,2457.0,9057
240707,F-200,Field-C,2025-02-12 04:36:11,wheat,sprayer-y,1003,28.757011355026506,0.8927212996923409,l_per_ha,4028.0,121569
250614,F-100,Field-D,2025-01-14 10:38:53,barley,SPRAYER-Y,1012,47.30834197140218,2.0368282974960974,l_per_ha,19188.0,120267
269614,F-300,Field-D,2025-02-02 08:50:41,soy,sprayer-y,1003,45.34065435399097,0.7978245823341705,l_per_ha,4203.0,239512
262262,F-100,Field-C,2025-03-28 12:56:49,corn,sprayer-x,1003,6.76819982915676,,ml_per_m2,3420.0,15559
255994,F-300,Field-D,2025-01-24 21:13:58,wheat,sprayer-y,1026,36.34905969767181,0.9768667918626817,l_per_ha,4843.0,157512
230683,F-100,Field-B,2025-01-17 01:26:03,corn,sprayer-x,1023,13.48557189774118,,l_per_ha,6160.0,21925
210647,F-200,Field-D,2025-03-03 09:04:00,corn,sprayer-y,1006,56.75919566205835,0.9470602025964752,l_per_ha,8482.0,220512
243165,F-100,Field-D,2025-01-18 23:00:38,wheat,sprayer-x,1025,14.20507498042986,1.595450366402546,l_per_ha,4726.0,40141
225965,F-200,Field-C,2025-03-24 19:00:12,wheat,sprayer-x,1002,39.46515697336149,1.1228046344202982,l_per_ha,7184.0,138706
255429,F-200,Field-D,2025-03-19 07:24:10,barley,sprayer-y,1008,22.943109919023122,1.2102533147173722,l_per_ha,4773.0,77704
279712,F-100,Field-C,2025-03-30 12:25:30,corn,sprayer-y,1021,40.285872928039375,2.689916164877194,l_per_ha,22920.0,105019
255254,F-200,Field-C,2025-03-24 03:10:43,barley,sprayer-y,1009,27.67422280552413,1.686892034588814,l_per_ha,7690.0,85330
258304,F-300,Field-B,2025-01-22 22:31:50,corn,sprayer-y,1021,46.78036787685171,0.9837595656401096,l_per_ha,5966.0,246204
204186,F-300,Field-D,2025-01-20 02:14:18,corn,sprayer-z,1026,17.68735189303218,1.1324926009363991,l_per_ha,2057.0,83511
264464,F-300,Field-C,2025-01-31 20:06:04,soy,sprayer-y,1001,54.818551910284306,1.0199169039580755,l_per_ha,5646.0,261410
243948,F-100,Field-D,2025-02-12 06:46:11,barley,sprayer-x,1000,32.51153071223436,2.0155674264724888,l_per_ha,13285.0,58355
212369,F-100,Field-B,2025-03-21 04:47:26,soy,sprayer-x,1028,46.58512312420691,1.623981873173854,l_per_ha,16272.0,101494
221381,F-200,Field-D,2025-03-08 00:20:56,corn,sprayer-x,1015,51.73516052706749,1.0118037222249363,l_per_ha,8701.0,159333
278074,F-100,Field-A,2025-02-27 23:58:44,corn,sprayer-y,1015,59.93557360251427,1.0817448988124636,l_per_ha,12484.0,128118
291669,F-100,Field-A,2025-03-21 01:16:11,wheat,sprayer-x,1013,17.317011607667702,2.755568283179567,l_per_ha,9848.0,47870
250772,F-300,Field-C,2025-02-28 03:07:00,wheat,sprayer-z,1013,20.779082745990017,1.0735551041052362,l_per_ha,2361.0,96631
297657,F-300,Field-C,2025-02-04 02:45:13,barley,sprayer-z,1020,18.77381977025385,1.13159381051311,l_per_ha,2265.0,91784
218003,F-100,Field-D,2025-02-07 04:04:54,wheat,sprayer-x,1017,19.457923268788043,2.922058206697135,l_per_ha,12272.0,29778
